t,cpuusage,tasktime
1,19,40
2,16,42
3,14,43
4,12,41
5,21,42
6,13,160
7,19,41
8,13,43
9,18,43
10,14,40
11,12,42
12,15,41
13,17,44
14,14,41
15,17,41
16,13,43
17,15,42
18,12,42
19,14,44
20,13,41
21,12,42
22,14,42
23,18,42
24,15,41
25,15,42
26,12,42
27,15,42
28,13,43
29,16,41
30,17,40
31,16,43
32,16,41
33,14,41
34,14,44
35,15,41
36,18,42
37,12,42
38,15,41
39,15,42
40,14,40
41,17,41
42,16,42
43,15,42
44,14,40
45,14,42
46,16,41
47,12,43
48,16,43
49,16,41
50,16,41
51,14,42
52,16,41
53,14,41
54,20,42
55,15,40
56,17,40
57,17,37
58,14,38
59,10,37
60,15,39
61,11,36
62,10,38
63,10,37
64,11,35
65,11,38
66,16,37
67,11,38
68,11,38
69,14,41
70,14,39
71,13,39
72,13,42
73,16,41
74,13,41
75,13,43
76,15,42
77,13,41
78,13,43
79,20,41
80,14,40
81,15,42
82,15,42
83,14,40
84,19,41
85,14,42
86,15,44
87,16,42
88,15,38
89,20,42
90,15,41
91,17,40
92,12,43
93,14,40
94,12,40
95,11,38
96,12,40
97,11,37
98,13,41
99,12,42
100,11,41
101,13,42
102,18,40
103,14,40
104,14,41
105,12,40
106,11,40
107,11,37
108,11,40
109,15,39
110,13,41
111,12,41
112,13,42
113,15,42
114,15,39
115,12,39
116,12,39
117,12,41
118,12,41
119,12,40
120,13,41
121,12,39
122,12,42
123,14,42
124,20,42
125,15,44
126,16,40
127,14,37
128,14,32
129,11,38
130,18,36
131,12,40
132,12,39
133,12,41
134,12,42
135,16,39
136,14,39
137,11,42
138,16,44
139,15,43
140,16,40
141,17,40
142,16,41
143,14,40
144,14,42
145,14,43
146,15,42
147,15,42
148,14,42
149,14,40
150,15,40
151,15,43
152,14,42
153,16,42
154,15,41
155,14,41
156,14,41
157,15,41
158,15,40
159,18,40
160,15,42
161,15,42
162,15,43
163,14,40
164,16,42
165,15,41
166,14,42
167,15,42
168,14,42
169,15,42
170,16,43
171,14,42
172,16,40
173,18,41
174,14,40
175,15,41
176,14,40
177,14,40
178,16,40
179,14,41
180,14,40
181,15,39
182,14,39
183,18,39
184,14,40
185,15,41
186,16,41
187,14,41
188,14,40
189,15,40
190,13,40
191,14,40
192,14,40
193,14,39
194,15,40
195,17,42
196,15,41
197,16,42
198,19,40
199,16,42
200,17,40
201,14,38
202,13,39
203,14,43
204,14,41
205,14,39
206,14,42
207,14,39
208,15,36
209,13,37
210,12,40
211,14,39
212,13,42
213,14,42
214,14,39
215,16,42
216,15,41
217,15,42
218,15,43
219,15,42
220,14,40
221,15,40
222,12,41
223,13,40
224,14,40
225,14,38
226,14,42
227,13,40
228,14,41
229,14,44
230,15,41
231,15,41
232,17,41
233,16,40
234,12,41
235,14,42
236,15,42
237,15,40
238,14,40
239,14,38
240,11,42
241,14,39
242,11,41
243,12,39
244,12,40
245,12,41
246,12,40
247,11,41
248,15,42
249,16,41
250,14,41
251,15,40
252,15,42
253,15,40
254,15,40
255,14,42
256,18,41
257,15,41
258,15,41
259,15,40
260,15,40
261,15,44
262,14,40
263,15,40
264,12,41
265,15,40
266,15,41
267,15,41
268,18,42
269,17,41
270,14,40
271,15,42
272,16,41
273,16,40
274,14,41
275,15,41
276,18,41
277,15,41
278,15,40
279,15,41
280,15,42
281,17,44
282,14,38
283,14,42
284,14,42
285,15,39
286,17,40
287,15,43
288,14,41
289,12,40
290,12,42
291,14,39
292,13,41
293,14,42
294,13,40
295,16,43
296,15,41
297,15,41
298,20,42
299,18,41
300,16,40
301,17,41
302,17,41
303,16,41
304,16,42
305,16,41
306,15,41
307,14,44
308,14,41
309,15,41
310,14,40
311,14,41
312,15,41
313,16,42
314,15,42
315,15,41
316,17,40
317,17,41
318,18,42
319,18,41
320,19,44
321,16,43
322,15,39
323,16,41
324,17,41
325,17,42
326,16,42
327,18,41
328,15,41
329,18,41
330,16,37
331,11,36
332,11,36
333,13,40
334,11,38
335,10,36
336,11,40
337,12,40
338,14,40
339,12,43
340,20,43
341,13,41
342,12,43
343,13,41
344,13,38
345,16,37
346,12,40
347,12,41
348,12,41
349,14,41
350,16,42
351,17,42
352,17,43
353,16,42
354,15,43
355,17,43
356,14,43
357,15,42
358,14,42
359,17,42
360,14,43
361,15,43
362,15,42
363,17,41
364,15,40
365,15,42
366,15,41
367,14,40
368,13,41
369,14,42
370,13,40
371,14,40
372,13,44
373,14,41
374,14,39
375,13,42
376,14,43
377,16,41
378,17,39
379,16,43
380,16,41
381,15,42
382,15,40
383,15,42
384,17,40
385,17,43
386,15,41
387,14,40
388,15,40
389,14,42
390,13,41
391,17,42
392,16,37
393,10,40
394,11,40
395,14,38
396,13,39
397,13,38
398,15,42
399,11,38
400,10,40
401,16,40
402,15,39
403,15,40
404,16,40
405,10,40
406,11,40
407,11,38
408,16,40
409,10,34
410,10,42
411,15,42
412,21,39
413,11,38
414,11,38
415,13,39
416,14,40
417,11,38
418,14,41
419,13,40
420,12,41
421,15,40
422,13,38
423,12,40
424,12,44
425,14,41
426,14,40
427,14,41
428,20,40
429,11,40
430,16,45
431,12,40
432,11,41
433,11,39
434,11,39
435,11,40
436,11,39
437,11,40
438,11,40
439,13,39
440,16,39
441,14,39
442,12,38
443,11,39
444,11,39
445,11,40
446,12,40
447,12,38
448,11,36
449,12,36
450,12,40
451,11,38
452,12,40
453,12,40
454,13,41
455,13,41
456,13,40
457,12,39
458,12,42
459,13,39
460,12,41
461,15,43
462,17,42
463,15,41
464,16,40
465,16,41
466,14,39
467,15,39
468,11,40
469,11,38
470,12,40
471,11,42
472,15,39
473,14,41
474,15,41
475,15,41
476,16,41
477,16,42
478,14,43
479,15,42
480,15,40
481,17,41
482,12,39
483,12,40
484,12,39
485,13,41
486,14,42
487,18,40
488,14,42
489,14,42
490,15,40
491,10,40
492,14,41
493,14,39
494,15,40
495,14,40
496,13,40
497,13,39
498,11,35
499,11,37
500,11,38
501,10,37
502,10,39
503,10,38
504,10,37
505,10,40
506,19,40
507,13,40
508,11,37
509,9,38
510,8,36
511,10,37
512,9,35
513,9,37
514,10,39
515,11,41
516,9,38
517,10,36
518,11,36
519,13,43
520,11,40
521,14,40
522,13,40
523,13,40
524,14,42
525,12,41
526,14,42
527,14,41
528,18,41
529,13,39
530,14,41
531,14,42
532,14,41
533,12,41
534,14,40
535,16,40
536,11,38
537,11,41
538,11,40
539,13,39
540,12,40
541,11,40
542,16,40
543,10,40
544,16,38
545,10,39
546,11,37
547,13,36
548,13,34
549,11,38
550,10,38
551,10,41
552,15,40
553,17,42
554,17,42
555,15,42
556,16,41
557,16,41
558,15,40
559,16,41
560,16,42
561,16,39
562,13,42
563,17,40
564,13,41
565,14,40
566,14,41
567,13,43
568,13,41
569,15,41
570,15,41
571,12,41
572,12,42
573,12,41
574,12,39
575,12,40
576,14,42
577,12,41
578,13,40
579,15,40
580,13,43
581,16,42
582,14,42
583,15,40
584,15,42
585,16,44
586,15,42
587,16,43
588,15,40
589,15,42
590,14,38
591,14,41
592,11,39
593,14,41
594,11,40
595,11,38
596,11,40
597,13,41
598,11,39
599,11,39
600,13,40
601,11,42
602,12,39
603,12,42
604,13,39
605,12,42
606,12,43
607,15,42
608,15,42
609,14,40
610,15,43
611,14,40
612,14,42
613,15,42
614,15,42
615,14,42
616,15,40
617,17,40
618,15,42
619,13,44
620,14,40
621,15,41
622,16,41
623,16,41
624,15,41
625,10,41
626,15,42
627,20,42
628,14,39
629,12,40
630,14,41
631,12,41
632,13,42
633,14,40
634,15,39
635,13,41
636,17,40
637,13,41
638,15,41
639,14,42
640,16,37
641,11,39
642,11,39
643,13,39
644,12,36
645,11,40
646,11,36
647,10,39
648,10,40
649,11,42
650,17,42
651,15,43
652,15,41
653,15,41
654,15,41
655,18,40
656,15,40
657,16,41
658,16,42
659,16,41
660,16,40
661,16,41
662,16,41
663,20,41
664,16,41
665,14,40
666,14,42
667,13,38
668,12,42
669,12,43
670,12,43
671,12,44
672,13,42
673,12,41
674,12,41
675,13,40
676,11,38
677,12,41
678,14,36
679,12,39
680,12,40
681,12,40
682,12,40
683,12,40
684,13,42
685,13,40
686,13,41
687,12,41
688,12,41
689,12,40
690,13,41
691,12,40
692,13,40
693,15,42
694,13,41
695,14,41
696,14,43
697,14,45
698,18,42
699,14,41
700,15,42
701,14,42
702,14,43
703,15,41
704,15,42
705,15,39
706,14,41
707,15,41
708,19,41
709,14,40
710,14,43
711,13,42
712,15,42
713,15,42
714,15,42
715,14,42
716,15,38
717,12,40
718,10,39
719,11,42
720,10,38
721,11,40
722,11,40
723,11,40
724,12,40
725,11,41
726,19,38
727,11,40
728,11,40
729,12,39
730,12,41
731,11,41
732,12,40
733,12,40
734,13,40
735,12,43
736,14,43
737,14,40
738,17,40
739,14,39
740,11,39
741,17,40
742,9,32
743,9,37
744,10,38
745,10,41
746,12,39
747,13,38
748,13,40
749,12,46
750,12,37
751,11,37
752,12,41
753,12,40
754,10,39
755,11,41
756,11,40
757,11,38
758,11,40
759,11,42
760,21,42
761,15,40
762,14,41
763,15,42
764,14,41
765,15,42
766,21,42
767,14,40
768,15,40
769,18,40
770,10,42
771,15,38
772,9,38
773,10,41
774,18,42
775,15,44
776,15,41
777,15,44
778,16,41
779,15,42
780,15,42
781,15,42
782,16,42
783,16,41
784,21,41
785,16,43
786,17,40
787,12,41
788,17,41
789,12,41
790,12,39
791,12,42
792,15,41
793,13,37
794,15,38
795,11,40
796,11,40
797,11,41
798,16,41
799,15,41
800,14,43
801,14,41
802,20,40
803,15,40
804,15,41
805,20,41
806,15,40
807,16,41
808,16,41
809,14,40
810,16,43
811,13,42
812,17,41
813,14,41
814,17,44
815,12,41
816,12,42
817,17,40
818,12,41
819,12,40
820,20,41
821,14,39
822,10,40
823,11,38
824,12,39
825,12,38
826,13,38
827,12,43
828,12,41
829,12,39
830,14,40
831,12,42
832,11,41
833,12,38
834,11,39
835,11,38
836,11,38
837,11,40
838,11,39
839,11,38
840,11,43
841,12,36
842,11,39
843,12,41
844,12,39
845,13,41
846,12,40
847,12,40
848,13,41
849,12,42
850,13,42
851,14,42
852,12,40
853,14,41
854,14,41
855,13,40
856,16,40
857,15,40
858,13,39
859,14,40
860,12,42
861,14,40
862,13,42
863,15,41
864,13,42
865,12,40
866,15,42
867,13,39
868,14,41
869,17,42
870,18,42
871,15,42
872,16,40
873,15,41
874,16,42
875,16,42
876,21,43
877,15,41
878,15,41
879,16,42
880,21,42
881,16,42
882,16,40
883,14,42
884,12,41
885,14,40
886,13,40
887,12,39
888,16,42
889,18,41
890,14,40
891,13,41
892,15,40
893,13,40
894,19,40
895,13,39
896,15,40
897,13,40
898,15,39
899,12,38
900,13,40
901,14,39
902,13,40
903,19,33
904,10,41
905,14,44
906,16,42
907,17,41
908,17,42
909,15,42
910,21,43
911,16,42
912,14,41
913,14,41
914,15,42
915,15,43
916,14,42
917,16,40
918,15,44
919,12,41
920,13,42
921,17,40
922,16,42
923,13,42
924,15,43
925,18,41
926,14,44
927,16,42
928,14,42
929,14,41
930,15,42
931,18,42
932,23,41
933,11,165
934,18,41
935,14,41
936,14,42
937,14,42
938,17,37
939,14,41
940,16,38
941,14,39
942,16,42
943,14,41
944,19,42
945,14,40
946,15,39
947,13,40
948,14,40
949,19,42
950,18,42
951,16,41
952,11,42
953,15,40
954,15,40
955,14,41
956,15,41
957,16,42
958,17,40
959,14,41
960,16,41
961,14,39
962,15,42
963,14,41
964,16,41
965,17,41
966,13,39
967,12,41
968,14,36
969,13,40
970,10,40
971,10,36
972,10,38
973,10,36
974,10,37
975,13,36
976,11,38
977,10,38
978,11,38
979,11,39
980,10,38
981,13,38
982,11,40
983,11,40
984,11,40
985,13,40
986,11,41
987,11,42
988,16,42
989,13,40
990,11,41
991,12,39
992,12,42
993,12,40
994,12,41
995,15,39
996,12,41
997,12,40
998,11,41
999,11,40
1000,14,43
1001,12,42
1002,12,40
1003,12,43
1004,14,40
1005,12,42
1006,13,37
1007,12,42
1008,11,41
1009,12,42
1010,12,40
1011,11,39
1012,10,41
1013,15,41
1014,16,41
1015,14,42
1016,15,41
1017,14,41
1018,15,40
1019,17,42
1020,15,40
1021,14,43
1022,15,42
1023,14,41
1024,14,41
1025,14,41
1026,14,40
1027,14,38
1028,14,42
1029,15,42
1030,15,40
1031,16,42
1032,20,42
1033,13,40
1034,14,38
1035,11,41
1036,13,41
1037,11,38
1038,13,35
1039,11,41
1040,13,39
1041,11,40
1042,11,41
1043,14,40
1044,12,39
1045,12,40
1046,12,39
1047,12,42
1048,12,42
1049,12,43
1050,14,43
1051,15,41
1052,16,42
1053,16,42
1054,15,41
1055,16,41
1056,15,44
1057,16,41
1058,16,41
1059,15,42
1060,16,43
1061,15,45
1062,14,41
1063,14,42
1064,19,41
1065,14,42
1066,15,41
1067,20,42
1068,17,41
1069,14,41
1070,14,42
1071,18,43
1072,19,42
1073,18,42
1074,13,43
1075,17,35
1076,9,37
1077,10,38
1078,10,29
1079,9,40
1080,14,42
1081,12,42
1082,13,40
1083,15,41
1084,12,40
1085,13,42
1086,14,40
1087,11,41
1088,12,39
1089,11,38
1090,11,39
1091,16,39
1092,11,41
1093,14,34
1094,12,42
1095,16,40
1096,14,40
1097,18,40
1098,13,39
1099,15,41
1100,14,42
1101,15,40
1102,13,41
1103,15,40
1104,13,41
1105,14,41
1106,15,40
1107,13,40
1108,14,41
1109,10,41
1110,12,41
1111,11,38
1112,12,39
1113,11,41
1114,12,40
1115,13,38
1116,12,41
1117,13,38
1118,12,42
1119,12,39
1120,11,40
1121,12,36
1122,12,41
1123,13,39
1124,12,39
1125,15,40
1126,11,40
1127,12,41
1128,16,41
1129,16,42
1130,16,42
1131,15,38
1132,16,41
1133,12,39
1134,11,41
1135,12,39
1136,12,37
1137,12,42
1138,17,41
1139,13,42
1140,15,41
1141,16,42
1142,14,41
1143,15,42
1144,15,42
1145,15,42
1146,15,41
1147,11,40
1148,12,39
1149,14,42
1150,12,41
1151,11,41
1152,13,44
1153,12,41
1154,15,40
1155,12,41
1156,13,42
1157,13,41
1158,13,41
1159,17,42
1160,12,40
1161,12,41
1162,12,42
1163,12,41
1164,13,41
1165,15,43
1166,14,42
1167,14,40
1168,14,41
1169,16,43
1170,16,42
1171,14,40
1172,14,40
1173,16,39
1174,14,41
1175,14,42
1176,15,42
1177,14,39
1178,15,43
1179,14,41
1180,14,40
1181,14,40
1182,14,40
1183,13,41
1184,19,40
1185,16,42
1186,21,41
1187,14,26
1188,9,37
1189,12,42
1190,10,41
1191,13,43
1192,13,41
1193,16,41
1194,16,39
1195,17,41
1196,16,39
1197,20,39
1198,14,40
1199,16,41
1200,16,41
1201,16,41
1202,15,39
1203,16,43
1204,16,42
1205,12,40
1206,14,38
1207,13,39
1208,14,42
1209,12,41
1210,15,40
1211,11,41
1212,12,39
1213,12,42
1214,13,41
1215,12,41
1216,15,41
1217,11,42
1218,13,40
1219,13,40
1220,12,43
1221,12,40
1222,11,42
1223,13,40
1224,12,40
1225,13,41
1226,12,41
1227,12,40
1228,12,41
1229,14,42
1230,19,41
1231,11,38
1232,12,40
1233,10,39
1234,11,39
1235,11,36
1236,16,38
1237,11,42
1238,14,42
1239,16,40
1240,19,39
1241,11,38
1242,11,38
1243,11,39
1244,11,39
1245,13,42
1246,12,39
1247,13,40
1248,12,40
1249,13,40
1250,13,41
1251,16,41
1252,21,42
1253,15,42
1254,15,42
1255,15,41
1256,14,44
1257,16,41
1258,15,43
1259,15,42
1260,14,42
1261,16,42
1262,14,41
1263,15,41
1264,14,39
1265,16,43
1266,15,40
1267,15,42
1268,16,41
1269,13,41
1270,19,38
1271,11,42
1272,15,40
1273,14,42
1274,14,42
1275,16,43
1276,16,41
1277,14,39
1278,13,41
1279,17,40
1280,12,38
1281,16,42
1282,13,43
1283,19,40
1284,13,41
1285,13,41
1286,13,40
1287,15,40
1288,15,40
1289,14,40
1290,14,40
1291,11,40
1292,11,38
1293,12,39
1294,13,39
1295,11,41
1296,12,38
1297,11,38
1298,11,37
1299,11,41
1300,13,41
1301,17,40
1302,17,42
1303,16,41
1304,18,42
1305,18,44
1306,16,41
1307,18,41
1308,15,43
1309,15,41
1310,13,41
1311,13,40
1312,13,41
1313,13,40
1314,12,36
1315,13,38
1316,12,41
1317,12,41
1318,13,41
1319,12,42
1320,19,41
1321,15,39
1322,16,36
1323,10,37
1324,10,36
1325,11,28
1326,8,38
1327,10,42
1328,13,40
1329,13,40
1330,15,42
1331,13,40
1332,18,42
1333,15,39
1334,12,42
1335,14,40
1336,13,41
1337,12,41
1338,18,42
1339,13,40
1340,14,41
1341,15,41
1342,12,42
1343,12,41
1344,13,42
1345,12,41
1346,11,41
1347,12,42
1348,16,40
1349,16,40
1350,13,39
1351,13,40
1352,11,37
1353,13,38
1354,11,38
1355,11,36
1356,11,37
1357,11,39
1358,13,35
1359,12,40
1360,12,40
1361,12,39
1362,11,41
1363,12,40
1364,13,41
1365,13,40
1366,15,41
1367,15,40
1368,12,41
1369,18,42
1370,16,41
1371,15,41
1372,15,41
1373,17,43
1374,15,42
1375,16,39
1376,17,42
1377,15,41
1378,15,42
1379,14,43
1380,17,42
1381,15,40
1382,14,43
1383,12,41
1384,14,42
1385,13,41
1386,13,41
1387,15,40
1388,12,37
1389,13,38
1390,11,36
1391,13,37
1392,11,39
1393,10,38
1394,11,39
1395,10,40
1396,11,37
1397,11,38
1398,11,40
1399,12,42
1400,11,40
1401,12,40
1402,13,39
1403,13,38
1404,14,42
1405,14,40
1406,13,41
1407,13,42
1408,13,40
1409,15,42
1410,14,40
1411,15,41
1412,15,43
1413,15,42
1414,11,40
1415,12,41
1416,14,39
1417,20,41
1418,16,40
1419,14,42
1420,15,41
1421,15,41
1422,15,41
1423,12,40
1424,14,39
1425,13,41
1426,13,40
1427,14,39
1428,17,40
1429,14,40
1430,14,40
1431,16,40
1432,12,42
1433,16,36
1434,8,36
1435,11,36
1436,14,38
1437,12,40
1438,12,43
1439,12,39
1440,13,41
1441,13,41
1442,13,40
1443,11,40
1444,14,40
1445,14,40
1446,15,41
1447,18,41
1448,15,42
1449,15,40
1450,14,40
1451,15,42
1452,13,40
1453,15,40
1454,15,42
1455,11,39
1456,19,41
1457,20,40
1458,16,42
1459,13,40
1460,14,40
1461,14,42
1462,15,42
1463,15,37
1464,10,39
1465,10,39
1466,10,37
1467,9,38
1468,10,25
1469,9,40
1470,13,42
1471,12,39
1472,13,42
1473,12,40
1474,14,41
1475,14,36
1476,12,157
1477,11,43
1478,17,41
1479,11,38
1480,17,40
1481,11,42
1482,18,39
1483,17,42
1484,13,43
1485,13,40
1486,16,41
1487,11,42
1488,16,39
1489,17,41
1490,17,42
1491,14,40
1492,10,37
1493,11,37
1494,14,38
1495,11,40
1496,11,38
1497,12,41
1498,12,38
1499,10,39
1500,15,41
1501,11,39
1502,14,38
1503,11,42
1504,14,37
1505,14,37
1506,11,40
1507,18,40
1508,15,43
1509,14,41
1510,16,40
1511,18,40
1512,15,41
1513,14,41
1514,16,40
1515,14,40
1516,15,43
1517,14,41
1518,14,43
1519,14,41
1520,15,41
1521,15,42
1522,15,41
1523,15,41
1524,19,41
1525,17,39
1526,17,41
1527,16,41
1528,15,39
1529,14,42
1530,14,40
1531,17,41
1532,14,40
1533,15,42
1534,17,41
1535,17,42
1536,15,40
1537,14,41
1538,16,40
1539,15,41
1540,17,40
1541,13,39
1542,14,44
1543,13,41
1544,14,40
1545,15,39
1546,16,41
1547,15,40
1548,15,40
1549,15,39
1550,15,41
1551,13,41
1552,15,39
1553,14,40
1554,14,40
1555,14,42
1556,13,39
1557,14,41
1558,14,40
1559,14,40
1560,14,42
1561,14,42
1562,19,42
1563,16,40
1564,14,42
1565,17,40
1566,13,40
1567,13,42
1568,14,42
1569,15,42
1570,15,40
1571,15,39
1572,16,41
1573,17,41
1574,11,40
1575,14,40
1576,12,40
1577,14,42
1578,14,39
1579,14,40
1580,19,41
1581,14,40
1582,10,40
1583,10,37
1584,10,41
1585,12,42
1586,12,41
1587,18,41
1588,17,41
1589,15,38
1590,11,38
1591,10,36
1592,10,38
1593,15,38
1594,10,41
1595,10,36
1596,10,36
1597,11,37
1598,11,36
1599,12,37
1600,9,39
1601,11,37
1602,12,38
1603,11,38
1604,11,39
1605,17,37
1606,11,40
1607,15,41
1608,20,41
1609,16,42
1610,15,38
1611,14,42
1612,16,42
1613,17,40
1614,17,42
1615,18,40
1616,18,40
1617,18,41
1618,16,40
1619,16,42
1620,18,44
1621,14,41
1622,13,41
1623,13,40
1624,13,42
1625,14,41
1626,13,40
1627,17,40
1628,14,39
1629,14,40
1630,13,40
1631,13,40
1632,13,41
1633,15,44
1634,17,41
1635,15,38
1636,12,42
1637,11,39
1638,12,41
1639,12,41
1640,12,41
1641,11,41
1642,15,41
1643,12,42
1644,13,40
1645,13,40
1646,12,42
1647,12,43
1648,14,38
1649,15,39
1650,12,38
1651,15,40
1652,14,38
1653,14,42
1654,14,42
1655,14,42
1656,16,42
1657,16,41
1658,14,41
1659,16,42
1660,20,39
1661,14,40
1662,14,40
1663,15,40
1664,16,41
1665,17,40
1666,15,40
1667,15,41
1668,16,42
1669,18,42
1670,15,41
1671,15,42
1672,13,42
1673,12,40
1674,14,39
1675,13,42
1676,13,41
1677,12,42
1678,13,42
1679,11,39
1680,13,43
1681,13,41
1682,13,41
1683,15,40
1684,15,40
1685,15,44
1686,14,40
1687,14,37
1688,11,39
1689,13,40
1690,13,39
1691,13,40
1692,12,41
1693,13,39
1694,12,40
1695,14,40
1696,13,40
1697,12,40
1698,13,41
1699,12,40
1700,12,42
1701,15,41
1702,17,42
1703,15,41
1704,16,42
1705,16,43
1706,16,42
1707,16,42
1708,16,41
1709,16,41
1710,13,40
1711,12,43
1712,13,40
1713,15,39
1714,12,40
1715,15,39
1716,13,40
1717,13,41
1718,14,42
1719,15,41
1720,14,39
1721,11,40
1722,13,40
1723,12,38
1724,13,41
1725,14,42
1726,13,42
1727,11,39
1728,11,40
1729,10,41
1730,12,42
1731,12,40
1732,17,41
1733,15,41
1734,14,41
1735,14,41
1736,15,40
1737,15,43
1738,15,42
1739,15,40
1740,16,41
1741,14,42
1742,15,42
1743,15,41
1744,15,41
1745,15,41
1746,15,42
1747,17,39
1748,18,41
1749,17,42
1750,17,44
1751,16,42
1752,12,40
1753,11,38
1754,13,37
1755,16,41
1756,11,40
1757,11,41
1758,12,39
1759,10,40
1760,10,37
1761,11,40
1762,12,38
1763,12,39
1764,12,41
1765,14,43
1766,19,42
1767,11,41
1768,13,40
1769,12,40
1770,19,43
1771,15,44
1772,18,39
1773,17,41
1774,14,42
1775,14,38
1776,18,41
1777,17,42
1778,19,39
1779,13,39
1780,11,39
1781,11,38
1782,12,39
1783,11,41
1784,12,40
1785,11,39
1786,10,38
1787,10,40
1788,12,39
1789,11,40
1790,11,40
1791,11,39
1792,14,39
1793,12,39
1794,13,40
1795,13,39
1796,13,38
1797,13,42
1798,15,41
1799,14,40
1800,14,42
1801,14,41
1802,15,41
1803,15,41
1804,14,42
1805,20,39
1806,11,42
1807,14,40
1808,12,41
1809,15,40
1810,13,41
1811,13,41
1812,19,43
1813,15,38
1814,13,39
1815,13,43
1816,12,41
1817,13,41
1818,12,40
1819,15,41
1820,12,41
1821,16,41
1822,14,42
1823,14,41
1824,15,42
1825,14,42
1826,11,42
1827,15,39
1828,14,42
1829,16,40
1830,18,42
1831,15,41
1832,14,40
1833,13,40
1834,13,42
1835,13,40
1836,12,41
1837,13,39
1838,13,40
1839,12,43
1840,16,41
1841,12,43
1842,12,41
1843,13,43
1844,13,42
1845,14,42
1846,16,40
1847,13,40
1848,14,42
1849,14,40
1850,13,38
1851,9,41
1852,12,41
1853,12,42
1854,14,40
1855,14,39
1856,12,41
1857,14,41
1858,15,42
1859,14,42
1860,17,41
1861,12,38
1862,10,41
1863,14,29
1864,10,38
1865,11,36
1866,13,37
1867,10,41
1868,11,41
1869,14,40
1870,16,37
1871,11,40
1872,11,41
1873,15,41
1874,14,40
1875,16,42
1876,16,42
1877,14,43
1878,15,43
1879,17,41
1880,17,43
1881,16,41
1882,20,42
1883,16,43
1884,16,42
1885,17,42
1886,15,42
1887,20,41
1888,20,43
1889,14,42
1890,15,42
1891,15,42
1892,14,42
1893,14,41
1894,9,39
1895,9,36
1896,9,38
1897,9,37
1898,12,37
1899,9,28
1900,11,37
1901,13,38
1902,11,40
1903,16,38
1904,14,39
1905,12,40
1906,12,41
1907,10,42
1908,19,41
1909,14,42
1910,13,40
1911,13,41
1912,14,41
1913,13,41
1914,14,40
1915,13,40
1916,15,41
1917,17,42
1918,15,39
1919,15,43
1920,15,42
1921,15,40
1922,11,37
1923,10,38
1924,11,38
1925,12,36
1926,11,41
1927,10,37
1928,9,38
1929,11,37
1930,12,36
1931,13,38
1932,13,40
1933,11,39
1934,10,37
1935,15,38
1936,11,39
1937,10,38
1938,11,37
1939,12,36
1940,11,40
1941,11,42
1942,19,42
1943,15,42
1944,17,43
1945,16,43
1946,15,42
1947,15,42
1948,15,41
1949,17,40
1950,17,42
1951,17,42
1952,16,40
1953,21,42
1954,19,40
1955,16,42
1956,17,40
1957,10,41
1958,10,43
1959,11,40
1960,11,41
1961,11,40
1962,11,38
1963,11,39
1964,11,41
1965,11,43
1966,12,42
1967,11,40
1968,10,40
1969,11,38
1970,13,40
1971,12,42
1972,12,40
1973,13,41
1974,13,43
1975,13,40
1976,11,42
1977,12,42
1978,18,40
1979,14,42
1980,13,41
1981,12,42
1982,12,42
1983,12,42
1984,13,41
1985,14,40
1986,11,42
1987,15,40
1988,17,39
1989,13,41
1990,14,42
1991,12,41
1992,13,39
1993,13,42
1994,12,41
1995,12,42
1996,14,42
1997,13,41
1998,13,41
1999,15,40
2000,13,41
2001,15,42
2002,12,39
2003,14,40
2004,13,41
2005,16,41
2006,16,42
2007,16,39
2008,17,42
2009,16,41
2010,16,42
2011,13,42
2012,14,41
2013,14,41
2014,19,39
2015,16,42
2016,15,40
2017,15,40
2018,16,37
2019,12,41
2020,15,42
2021,14,42
2022,14,42
2023,15,59
2024,15,43
2025,15,43
2026,15,42
2027,15,40
2028,15,43
2029,19,41
2030,14,39
2031,10,40
2032,18,41
2033,11,40
2034,14,40
2035,13,40
2036,14,42
2037,13,39
2038,13,39
2039,12,40
2040,14,40
2041,14,40
2042,14,41
2043,14,38
2044,13,40
2045,15,40
2046,15,40
2047,14,41
2048,15,40
2049,13,41
2050,13,42
2051,13,42
2052,15,38
2053,14,42
2054,15,41
2055,16,39
2056,16,40
2057,16,43
2058,16,40
2059,18,40
2060,15,39
2061,16,41
2062,17,42
2063,17,42
2064,16,41
2065,17,44
2066,16,42
2067,15,40
2068,20,42
2069,14,41
2070,13,39
2071,13,41
2072,13,42
2073,15,40
2074,13,39
2075,14,42
2076,15,41
2077,14,42
2078,14,42
2079,14,41
2080,14,42
2081,14,42
2082,14,43
2083,14,41
2084,14,42
2085,16,40
2086,14,40
2087,15,41
2088,13,42
2089,14,41
2090,15,41
2091,15,41
2092,16,39
2093,17,40
2094,13,40
2095,14,39
2096,13,42
2097,14,37
2098,16,37
2099,13,41
2100,12,40
2101,13,43
2102,13,41
2103,13,40
2104,12,42
2105,11,43
2106,12,41
2107,14,42
2108,14,42
2109,20,43
2110,14,42
2111,14,42
2112,14,44
2113,14,42
2114,16,42
2115,15,41
2116,14,40
2117,14,42
2118,14,39
2119,13,41
2120,15,39
2121,14,40
2122,15,41
2123,14,41
2124,15,40
2125,14,40
2126,15,42
2127,14,44
2128,15,41
2129,14,42
2130,16,42
2131,14,41
2132,14,42
2133,17,39
2134,11,41
2135,11,38
2136,11,40
2137,12,38
2138,10,40
2139,16,42
2140,14,42
2141,13,40
2142,10,39
2143,16,40
2144,12,41
2145,12,39
2146,16,41
2147,19,41
2148,15,41
2149,18,41
2150,18,38
2151,12,40
2152,11,41
2153,15,43
2154,13,39
2155,15,42
2156,15,42
2157,13,41
2158,12,40
2159,15,40
2160,13,41
2161,13,43
2162,13,39
2163,13,41
2164,13,41
2165,13,40
2166,13,42
2167,12,42
2168,12,41
2169,12,42
2170,14,42
2171,13,42
2172,15,40
2173,15,40
2174,14,40
2175,12,40
2176,12,41
2177,12,39
2178,12,41
2179,13,42
2180,13,40
2181,16,40
2182,12,39
2183,12,41
2184,11,41
2185,17,39
2186,14,42
2187,14,41
2188,14,41
2189,16,39
2190,15,42
2191,14,41
2192,14,44
2193,15,40
2194,13,40
2195,16,42
2196,17,41
2197,16,39
2198,13,42
2199,15,40
2200,12,40
2201,13,40
2202,14,41
2203,14,41
2204,12,28
2205,10,28
2206,10,38
2207,11,37
2208,10,36
2209,12,41
2210,15,40
2211,12,39
2212,11,41
2213,12,40
2214,12,41
2215,11,41
2216,12,41
2217,12,38
2218,12,43
2219,12,41
2220,13,42
2221,12,42
2222,12,41
2223,12,42
2224,13,42
2225,14,41
2226,11,41
2227,12,39
2228,11,40
2229,13,38
2230,12,41
2231,11,41
2232,11,41
2233,11,39
2234,14,41
2235,12,40
2236,10,40
2237,13,39
2238,14,40
2239,13,39
2240,12,40
2241,12,39
2242,15,41
2243,14,39
2244,15,42
2245,15,40
2246,14,42
2247,17,42
2248,15,38
2249,17,39
2250,13,39
2251,13,38
2252,14,40
2253,15,38
2254,13,39
2255,16,41
2256,17,41
2257,23,44
2258,15,40
2259,16,39
2260,11,40
2261,11,41
2262,12,41
2263,16,41
2264,20,41
2265,16,41
2266,17,41
2267,17,41
2268,19,39
2269,17,42
2270,17,42
2271,18,42
2272,17,37
2273,8,41
2274,11,39
2275,11,36
2276,11,42
2277,16,42
2278,18,43
2279,13,42
2280,15,40
2281,14,42
2282,15,41
2283,19,43
2284,15,41
2285,14,40
2286,14,39
2287,14,40
2288,14,40
2289,14,40
2290,15,42
2291,16,41
2292,12,40
2293,11,42
2294,17,41
2295,12,40
2296,13,42
2297,12,40
2298,11,41
2299,15,42
2300,15,40
2301,13,40
2302,19,40
2303,19,42
2304,14,41
2305,15,39
2306,14,40
2307,13,41
2308,13,41
2309,14,41
2310,13,40
2311,13,39
2312,19,39
2313,15,41
2314,13,40
2315,14,41
2316,17,40
2317,15,41
2318,17,40
2319,17,42
2320,17,42
2321,18,45
2322,14,42
2323,14,43
2324,15,41
2325,16,42
2326,17,42
2327,18,42
2328,14,41
2329,15,41
2330,15,38
2331,14,41
2332,14,40
2333,14,43
2334,14,43
2335,13,43
2336,14,39
2337,13,42
2338,14,41
2339,13,36
2340,12,38
2341,13,37
2342,11,38
2343,10,37
2344,11,36
2345,10,37
2346,11,37
2347,10,42
2348,11,44
2349,15,42
2350,15,42
2351,13,41
2352,13,42
2353,14,41
2354,14,41
2355,13,41
2356,13,43
2357,13,41
2358,13,40
2359,15,40
2360,14,41
2361,13,44
2362,13,42
2363,13,41
2364,13,42
2365,15,40
2366,13,40
2367,19,41
2368,13,40
2369,20,42
2370,15,41
2371,15,42
2372,16,42
2373,14,42
2374,18,42
2375,12,42
2376,15,40
2377,13,40
2378,17,42
2379,12,39
2380,15,41
2381,14,40
2382,13,42
2383,15,41
2384,13,40
2385,13,40
2386,15,41
2387,14,31
2388,10,39
2389,10,38
2390,10,36
2391,10,40
2392,16,40
2393,16,40
2394,16,41
2395,15,42
2396,15,43
2397,15,40
2398,16,41
2399,15,42
2400,16,42
2401,11,38
2402,11,40
2403,12,38
2404,12,41
2405,11,40
2406,15,39
2407,12,40
2408,12,42
2409,12,41
2410,16,42
2411,12,41
2412,12,43
2413,13,42
2414,20,43
2415,17,43
2416,12,40
2417,12,42
2418,13,42
2419,13,42
2420,14,41
2421,14,42
2422,13,40
2423,13,39
2424,14,41
2425,15,38
2426,13,41
2427,14,39
2428,14,39
2429,12,40
2430,15,39
2431,13,42
2432,17,41
2433,11,42
2434,15,40
2435,12,38
2436,10,38
2437,11,40
2438,13,39
2439,12,44
2440,20,42
2441,13,39
2442,14,40
2443,14,41
2444,14,40
2445,14,41
2446,14,40
2447,19,42
2448,18,40
2449,15,40
2450,17,42
2451,13,41
2452,15,41
2453,15,41
2454,14,42
2455,13,42
2456,14,40
2457,14,40
2458,14,39
2459,14,42
2460,14,41
2461,15,37
2462,12,39
2463,10,39
2464,18,39
2465,15,41
2466,11,40
2467,12,42
2468,19,43
2469,15,42
2470,15,42
2471,16,40
2472,14,42
2473,16,42
2474,13,40
2475,14,40
2476,14,40
2477,14,39
2478,10,42
2479,13,42
2480,14,41
2481,14,42
2482,16,41
2483,15,42
2484,16,41
2485,15,42
2486,16,40
2487,15,40
2488,13,42
2489,13,42
2490,15,42
2491,16,44
2492,15,41
2493,14,42
2494,15,42
2495,15,41
2496,14,41
2497,12,40
2498,15,42
2499,15,42
2500,11,40
2501,15,42
2502,15,42
2503,14,38
2504,14,41
2505,15,38
2506,15,40
2507,15,42
2508,15,42
2509,15,41
2510,16,40
2511,14,41
2512,14,42
2513,14,41
2514,14,39
2515,14,43
2516,18,42
2517,15,43
2518,15,42
2519,16,42
2520,16,43
2521,14,41
2522,13,40
2523,14,41
2524,14,41
2525,12,40
2526,14,42
2527,13,36
2528,11,40
2529,9,37
2530,10,42
2531,13,40
2532,20,41
2533,15,43
2534,14,39
2535,14,42
2536,14,41
2537,16,41
2538,15,40
2539,13,42
2540,13,41
2541,12,41
2542,17,42
2543,12,42
2544,18,40
2545,15,41
2546,15,41
2547,18,40
2548,14,41
2549,10,40
2550,10,39
2551,10,39
2552,16,42
2553,11,38
2554,10,39
2555,11,39
2556,16,40
2557,11,40
2558,11,41
2559,11,44
2560,11,40
2561,15,40
2562,11,39
2563,13,40
2564,15,40
2565,14,40
2566,11,42
2567,11,41
2568,11,40
2569,11,40
2570,13,41
2571,14,41
2572,14,42
2573,14,41
2574,14,42
2575,13,42
2576,17,43
2577,17,44
2578,18,42
2579,13,41
2580,15,40
2581,15,42
2582,13,44
2583,14,40
2584,14,40
2585,16,40
2586,12,39
2587,11,33
2588,9,38
2589,12,39
2590,11,39
2591,12,42
2592,16,40
2593,17,41
2594,17,42
2595,16,43
2596,17,41
2597,16,42
2598,15,42
2599,16,41
2600,18,41
2601,16,42
2602,21,41
2603,13,38
2604,10,40
2605,12,35
2606,10,38
2607,12,41
2608,11,43
2609,13,41
2610,17,42
2611,17,42
2612,15,42
2613,16,42
2614,14,42
2615,15,41
2616,15,39
2617,15,43
2618,15,43
2619,15,41
2620,14,41
2621,15,43
2622,14,44
2623,14,39
2624,14,42
2625,14,39
2626,15,40
2627,16,41
2628,15,39
2629,17,37
2630,13,42
2631,15,40
2632,16,40
2633,14,42
2634,14,42
2635,15,42
2636,14,42
2637,16,40
2638,15,43
2639,11,42
2640,16,42
2641,17,41
2642,16,39
2643,15,39
2644,15,42
2645,16,40
2646,15,40
2647,13,39
2648,10,39
2649,12,40
2650,14,38
2651,11,39
2652,13,37
2653,11,41
2654,11,41
2655,12,40
2656,13,41
2657,15,40
2658,13,42
2659,16,39
2660,15,41
2661,18,40
2662,16,41
2663,15,40
2664,14,42
2665,15,39
2666,15,40
2667,15,41
2668,15,38
2669,12,38
2670,12,36
2671,11,38
2672,11,39
2673,14,40
2674,15,42
2675,12,40
2676,14,41
2677,12,41
2678,11,40
2679,12,42
2680,12,41
2681,12,40
2682,14,41
2683,12,42
2684,12,41
2685,12,41
2686,12,45
2687,13,42
2688,14,40
2689,19,44
2690,16,40
2691,15,39
2692,12,41
2693,13,43
2694,15,41
2695,13,42
2696,13,41
2697,15,41
2698,14,41
2699,16,43
2700,15,43
2701,15,42
2702,13,40
2703,15,41
2704,13,41
2705,19,42
2706,14,42
2707,14,40
2708,16,42
2709,14,40
2710,15,41
2711,14,41
2712,16,42
2713,14,41
2714,15,40
2715,18,39
2716,14,42
2717,16,41
2718,16,40
2719,20,43
2720,15,43
2721,16,40
2722,13,39
2723,12,40
2724,12,40
2725,12,42
2726,14,40
2727,11,41
2728,13,41
2729,11,39
2730,12,40
2731,12,40
2732,11,40
2733,12,39
2734,13,41
2735,13,43
2736,14,41
2737,16,41
2738,15,43
2739,16,42
2740,12,42
2741,15,41
2742,15,42
2743,16,42
2744,15,41
2745,15,40
2746,15,42
2747,17,41
2748,17,40
2749,17,41
2750,16,41
2751,15,45
2752,14,41
2753,14,41
2754,16,41
2755,17,40
2756,18,40
2757,17,42
2758,15,41
2759,16,41
2760,16,40
2761,17,42
2762,16,40
2763,16,40
2764,17,43
2765,18,43
2766,14,39
2767,12,40
2768,13,42
2769,13,41
2770,16,42
2771,15,41
2772,14,42
2773,13,40
2774,15,40
2775,14,40
2776,13,39
2777,12,41
2778,12,42
2779,15,41
2780,13,39
2781,13,42
2782,13,40
2783,19,41
2784,15,41
2785,15,41
2786,13,40
2787,14,42
2788,13,38
2789,14,40
2790,13,40
2791,15,38
2792,15,40
2793,13,40
2794,13,39
2795,13,40
2796,15,38
2797,15,40
2798,17,42
2799,15,39
2800,17,39
2801,13,40
2802,17,38
2803,16,42
2804,18,41
2805,17,40
2806,15,39
2807,15,41
2808,16,41
2809,17,40
2810,15,41
2811,13,38
2812,10,38
2813,10,34
2814,9,35
2815,9,30
2816,10,43
2817,17,39
2818,14,42
2819,14,41
2820,15,41
2821,15,42
2822,16,40
2823,15,42
2824,14,41
2825,14,40
2826,15,42
2827,14,40
2828,12,41
2829,14,41
2830,20,39
2831,11,42
2832,16,40
2833,16,41
2834,14,40
2835,13,42
2836,14,40
2837,14,39
2838,16,41
2839,16,39
2840,14,40
2841,13,40
2842,14,40
2843,13,40
2844,15,39
2845,15,41
2846,13,41
2847,14,39
2848,14,36
2849,10,39
2850,11,42
2851,15,42
2852,15,43
2853,16,42
2854,15,42
2855,16,42
2856,17,39
2857,18,40
2858,11,39
2859,11,41
2860,10,38
2861,18,40
2862,11,40
2863,18,154
2864,13,43
2865,15,41
2866,14,41
2867,15,42
2868,15,42
2869,14,39
2870,14,41
2871,15,40
2872,15,40
2873,16,40
2874,15,40
2875,13,43
2876,14,42
2877,16,41
2878,15,41
2879,16,41
2880,15,42
2881,14,43
2882,15,42
2883,14,41
2884,14,42
2885,16,44
2886,14,40
2887,14,40
2888,14,39
2889,15,41
2890,15,40
2891,15,41
2892,18,42
2893,15,41
2894,14,43
2895,15,40
2896,15,40
2897,16,40
2898,16,38
2899,13,38
2900,13,41
2901,12,38
2902,15,39
2903,12,42
2904,11,40
2905,17,37
2906,11,37
2907,14,42
2908,12,40
2909,14,38
2910,10,37
2911,10,38
2912,10,42
2913,14,41
2914,12,40
2915,12,42
2916,15,42
2917,15,40
2918,16,41
2919,13,39
2920,14,41
2921,14,41
2922,15,40
2923,15,42
2924,16,38
2925,15,38
2926,15,42
2927,14,40
2928,14,41
2929,14,40
2930,15,40
2931,12,41
2932,15,42
2933,16,43
2934,16,42
2935,14,39
2936,16,41
2937,15,40
2938,15,41
2939,15,40
2940,20,41
2941,14,41
2942,15,40
2943,14,42
2944,16,39
2945,14,43
2946,15,42
2947,13,38
2948,10,37
2949,10,37
2950,9,29
2951,9,39
2952,11,38
2953,10,37
2954,10,38
2955,10,38
2956,11,36
2957,12,39
2958,11,36
2959,11,39
2960,12,41
2961,20,39
2962,15,41
2963,15,40
2964,15,41
2965,17,42
2966,15,41
2967,14,41
2968,13,39
2969,17,41
2970,17,40
2971,14,42
2972,14,42
2973,14,40
2974,14,39
2975,14,39
2976,15,41
2977,13,42
2978,13,40
2979,12,41
2980,12,40
2981,11,39
2982,16,40
2983,11,41
2984,14,38
2985,11,42
2986,12,40
2987,14,40
2988,11,39
2989,14,42
2990,10,40
2991,11,40
2992,12,40
2993,13,43
2994,15,41
2995,17,43
2996,15,41
2997,15,40
2998,14,44
2999,15,42
3000,15,41
3001,14,38
3002,12,39
3003,13,42
3004,12,40
3005,12,40
3006,19,38
3007,11,41
3008,16,40
3009,16,41
3010,13,41
3011,11,41
3012,12,41
3013,13,39
3014,12,40
3015,11,41
3016,11,40
3017,16,40
3018,11,40
3019,11,40
3020,11,42
3021,11,41
3022,13,41
3023,12,42
3024,17,42
3025,11,40
3026,11,40
3027,12,40
3028,14,40
3029,12,39
3030,17,40
3031,11,38
3032,10,40
3033,11,40
3034,18,41
3035,18,41
3036,10,38
3037,11,41
3038,10,40
3039,11,42
3040,13,39
3041,11,41
3042,12,38
3043,10,40
3044,16,40
3045,12,40
3046,11,42
3047,11,40
3048,13,42
3049,14,40
3050,12,39
3051,10,41
3052,14,40
3053,12,41
3054,11,39
3055,11,42
3056,14,44
3057,15,40
3058,11,40
3059,12,40
3060,13,40
3061,14,41
3062,11,40
3063,13,42
3064,15,41
3065,13,40
3066,13,39
3067,16,39
3068,15,41
3069,15,40
3070,13,41
3071,18,43
3072,15,42
3073,17,42
3074,16,40
3075,17,40
3076,16,42
3077,15,41
3078,17,42
3079,17,41
3080,20,41
3081,14,42
3082,17,41
3083,17,41
3084,15,40
3085,14,41
3086,18,41
3087,16,41
3088,18,42
3089,14,43
3090,18,40
3091,14,40
3092,15,41
3093,16,40
3094,15,39
3095,16,42
3096,16,41
3097,15,40
3098,15,42
3099,20,40
3100,17,40
3101,16,40
3102,14,41
3103,16,40
3104,15,38
3105,10,40
3106,13,41
3107,15,41
3108,13,42
3109,13,42
3110,12,41
3111,17,40
3112,13,41
3113,14,41
3114,21,41
3115,16,43
3116,17,42
3117,16,42
3118,16,42
3119,16,37
3120,9,37
3121,9,40
3122,12,40
3123,11,38
3124,12,38
3125,12,40
3126,11,39
3127,15,42
3128,16,44
3129,15,41
3130,15,39
3131,15,42
3132,15,42
3133,15,41
3134,15,42
3135,16,42
3136,14,40
3137,15,42
3138,18,41
3139,14,41
3140,14,42
3141,15,43
3142,14,41
3143,14,41
3144,14,40
3145,10,38
3146,10,39
3147,17,38
3148,12,41
3149,13,41
3150,15,39
3151,17,40
3152,12,38
3153,11,38
3154,14,40
3155,12,42
3156,11,41
3157,13,41
3158,13,40
3159,12,41
3160,16,41
3161,14,44
3162,14,41
3163,18,42
3164,15,42
3165,15,42
3166,16,40
3167,14,44
3168,15,40
3169,15,42
3170,15,41
3171,17,38
3172,14,39
3173,15,39
3174,12,40
3175,14,41
3176,16,41
3177,14,41
3178,14,35
3179,11,38
3180,11,42
3181,11,38
3182,16,40
3183,14,41
3184,11,41
3185,11,39
3186,11,40
3187,11,42
3188,15,42
3189,15,41
3190,19,40
3191,15,42
3192,15,41
3193,14,43
3194,15,41
3195,14,42
3196,14,42
3197,15,42
3198,13,41
3199,16,42
3200,18,41
3201,14,42
3202,14,40
3203,13,41
3204,15,39
3205,10,36
3206,9,39
3207,15,39
3208,9,39
3209,17,32
3210,10,35
3211,9,37
3212,10,37
3213,9,41
3214,12,41
3215,14,40
3216,13,41
3217,12,42
3218,14,38
3219,14,39
3220,14,38
3221,14,40
3222,14,40
3223,13,41
3224,14,38
3225,15,40
3226,13,38
3227,13,41
3228,13,40
3229,17,40
3230,14,37
3231,10,41
3232,13,42
3233,13,40
3234,21,41
3235,16,41
3236,14,42
3237,15,40
3238,14,43
3239,15,40
3240,14,41
3241,16,39
3242,15,42
3243,17,43
3244,15,40
3245,15,42
3246,16,40
3247,16,41
3248,12,39
3249,15,42
3250,18,42
3251,18,40
3252,15,41
3253,16,41
3254,16,40
3255,17,42
3256,16,43
3257,17,40
3258,17,43
3259,16,42
3260,18,42
3261,17,44
3262,19,42
3263,16,41
3264,16,41
3265,16,43
3266,15,41
3267,16,40
3268,20,40
3269,13,39
3270,13,41
3271,13,43
3272,19,40
3273,21,40
3274,15,39
3275,14,40
3276,14,39
3277,13,40
3278,14,40
3279,14,38
3280,14,42
3281,12,42
3282,13,40
3283,15,43
3284,13,43
3285,15,42
3286,13,41
3287,12,42
3288,14,41
3289,12,38
3290,13,41
3291,11,41
3292,13,40
3293,16,41
3294,12,40
3295,13,37
3296,12,42
3297,12,42
3298,12,40
3299,13,42
3300,12,39
3301,15,40
3302,12,42
3303,12,41
3304,12,41
3305,13,41
3306,11,41
3307,12,42
3308,14,42
3309,16,40
3310,16,42
3311,16,41
3312,15,40
3313,14,39
3314,13,39
3315,13,40
3316,14,42
3317,14,42
3318,14,39
3319,15,40
3320,15,39
3321,13,40
3322,13,41
3323,13,41
3324,13,41
3325,13,42
3326,13,40
3327,13,38
3328,12,40
3329,11,39
3330,13,40
3331,16,40
3332,15,42
3333,15,41
3334,14,41
3335,17,41
3336,18,40
3337,15,42
3338,13,39
3339,13,41
3340,15,41
3341,14,41
3342,14,41
3343,15,40
3344,15,41
3345,13,42
3346,13,40
3347,14,42
3348,14,41
3349,13,43
3350,15,42
3351,13,42
3352,12,40
3353,13,41
3354,15,40
3355,12,40
3356,14,41
3357,16,43
3358,16,43
3359,15,42
3360,16,42
3361,15,41
3362,14,43
3363,15,41
3364,14,40
3365,16,42
3366,14,41
3367,14,41
3368,15,42
3369,15,41
3370,14,42
3371,16,40
3372,14,41
3373,14,40
3374,11,40
3375,10,42
3376,11,43
3377,15,43
3378,12,40
3379,13,42
3380,12,41
3381,12,42
3382,12,42
3383,12,40
3384,11,40
3385,14,41
3386,12,41
3387,11,43
3388,11,42
3389,12,42
3390,14,41
3391,13,39
3392,12,39
3393,11,41
3394,12,40
3395,11,40
3396,11,40
3397,11,41
3398,11,43
3399,12,41
3400,18,43
3401,14,42
3402,11,41
3403,12,41
3404,12,43
3405,13,42
3406,17,42
3407,16,42
3408,16,42
3409,17,41
3410,21,41
3411,16,41
3412,15,42
3413,19,41
3414,19,43
3415,17,40
3416,15,42
3417,16,36
3418,9,38
3419,8,37
3420,13,35
3421,10,30
3422,8,34
3423,9,36
3424,15,40
3425,13,40
3426,15,39
3427,14,41
3428,15,40
3429,15,40
3430,15,40
3431,15,42
3432,19,42
3433,21,41
3434,16,41
3435,17,42
3436,15,41
3437,16,41
3438,16,43
3439,15,41
3440,14,41
3441,13,41
3442,13,40
3443,13,40
3444,14,40
3445,14,41
3446,13,40
3447,14,40
3448,14,41
3449,16,41
3450,14,40
3451,13,39
3452,14,40
3453,16,43
3454,15,40
3455,14,43
3456,13,41
3457,15,40
3458,13,42
3459,14,42
3460,14,41
3461,14,43
3462,14,41
3463,12,41
3464,14,42
3465,15,40
3466,15,43
3467,14,40
3468,14,41
3469,14,41
3470,13,40
3471,14,38
3472,9,40
3473,12,41
3474,13,40
3475,12,40
3476,13,42
3477,15,42
3478,12,43
3479,11,44
3480,14,43
3481,13,42
3482,12,41
3483,13,41
3484,12,41
3485,13,41
3486,12,42
3487,22,35
3488,10,36
3489,11,35
3490,9,38
3491,10,40
3492,10,39
3493,13,30
3494,10,38
3495,10,40
3496,16,40
3497,10,40
3498,11,40
3499,11,40
3500,11,40
3501,13,38
3502,11,41
3503,14,41
3504,14,41
3505,15,42
3506,13,41
3507,14,40
3508,14,41
3509,14,41
3510,13,40
3511,12,42
3512,13,42
3513,15,39
3514,12,41
3515,11,41
3516,10,41
3517,14,41
3518,13,42
3519,11,42
3520,14,42
3521,12,42
3522,14,41
3523,17,39
3524,14,41
3525,14,39
3526,13,41
3527,15,42
3528,14,41
3529,15,41
3530,15,42
3531,12,42
3532,15,40
3533,13,39
3534,19,40
3535,11,40
3536,19,41
3537,18,43
3538,12,39
3539,11,41
3540,11,39
3541,14,41
3542,15,40
3543,13,41
3544,13,42
3545,16,41
3546,11,40
3547,14,43
3548,18,39
3549,11,39
3550,15,37
3551,9,38
3552,9,39
3553,8,38
3554,10,38
3555,10,37
3556,14,39
3557,10,39
3558,10,39
3559,11,35
3560,14,38
3561,10,37
3562,10,37
3563,13,39
3564,10,40
3565,12,41
3566,12,42
3567,12,42
3568,13,42
3569,16,40
3570,15,41
3571,15,42
3572,15,41
3573,15,41
3574,15,41
3575,17,42
3576,16,41
3577,16,42
3578,16,39
3579,20,42
3580,16,41
3581,16,41
3582,17,42
3583,14,45
3584,15,40
3585,15,41
3586,13,42
3587,13,41
3588,15,42
3589,14,42
3590,13,42
3591,16,41
3592,15,41
3593,17,42
3594,16,41
3595,16,42
3596,15,43
3597,13,41
3598,15,40
3599,14,40
3600,14,40
3601,15,42
3602,16,39
3603,15,40
3604,14,41
3605,15,41
3606,15,43
3607,15,42
3608,16,40
3609,14,43
3610,14,41
3611,14,42
3612,14,44
3613,14,39
3614,15,41
3615,14,40
3616,19,40
3617,14,40
3618,14,40
3619,14,40
3620,14,41
3621,15,40
3622,14,43
3623,14,40
3624,16,40
3625,17,41
3626,14,40
3627,14,40
3628,13,38
3629,10,42
3630,13,40
3631,18,42
3632,17,42
3633,16,44
3634,14,40
3635,14,44
3636,15,42
3637,19,39
3638,13,41
3639,12,42
3640,19,40
3641,12,40
3642,13,41
3643,12,42
3644,14,41
3645,16,39
3646,16,40
3647,16,41
3648,17,43
3649,19,42
3650,15,40
3651,16,41
3652,14,40
3653,14,41
3654,14,41
3655,15,42
3656,16,40
3657,15,41
3658,14,41
3659,14,40
3660,16,42
3661,15,42
3662,14,41
3663,14,41
3664,19,41
3665,15,41
3666,15,41
3667,13,41
3668,14,40
3669,13,40
3670,12,42
3671,14,40
3672,14,40
3673,15,41
3674,14,43
3675,13,39
3676,14,42
3677,14,42
3678,17,40
3679,13,40
3680,12,42
3681,12,42
3682,12,41
3683,12,42
3684,13,42
3685,13,42
3686,12,41
3687,12,42
3688,13,40
3689,16,41
3690,17,44
3691,14,42
3692,17,40
3693,18,41
3694,17,41
3695,17,41
3696,13,42
3697,14,41
3698,14,41
3699,13,40
3700,13,44
3701,13,40
3702,13,39
3703,13,40
3704,13,41
3705,13,37
3706,14,38
3707,13,39
3708,14,40
3709,14,40
3710,14,42
3711,14,41
3712,14,41
3713,14,44
3714,17,41
3715,15,42
3716,15,41
3717,14,41
3718,15,39
3719,13,40
3720,14,40
3721,13,41
3722,15,39
3723,19,41
3724,14,41
3725,13,42
3726,16,40
3727,11,41
3728,11,39
3729,14,41
3730,19,41
3731,14,40
3732,11,40
3733,17,38
3734,11,39
3735,11,38
3736,11,42
3737,14,42
3738,14,42
3739,14,40
3740,12,41
3741,12,40
3742,12,41
3743,16,38
3744,11,38
3745,10,39
3746,16,40
3747,11,41
3748,13,40
3749,13,42
3750,15,41
3751,15,41
3752,15,44
3753,14,42
3754,15,42
3755,15,41
3756,15,41
3757,14,43
3758,14,41
3759,15,42
3760,13,41
3761,13,40
3762,17,38
3763,12,41
3764,12,41
3765,13,42
3766,13,41
3767,12,42
3768,13,42
3769,12,42
3770,14,37
3771,14,39
3772,11,38
3773,11,41
3774,14,39
3775,11,39
3776,11,40
3777,16,39
3778,12,43
3779,13,40
3780,11,41
3781,11,40
3782,14,37
3783,13,40
3784,12,40
3785,11,42
3786,14,43
3787,15,43
3788,15,38
3789,8,37
3790,10,39
3791,10,38
3792,11,37
3793,10,36
3794,11,41
3795,13,38
3796,10,36
3797,10,39
3798,11,38
3799,13,36
3800,10,37
3801,11,37
3802,10,39
3803,11,42
3804,10,39
3805,13,37
3806,11,40
3807,13,43
3808,14,42
3809,14,41
3810,13,42
3811,14,42
3812,15,41
3813,15,43
3814,14,43
3815,15,39
3816,14,42
3817,18,42
3818,14,42
3819,14,42
3820,14,41
3821,13,42
3822,17,41
3823,15,39
3824,12,39
3825,12,42
3826,18,38
3827,14,40
3828,16,38
3829,14,40
3830,14,41
3831,11,41
3832,13,41
3833,17,41
3834,16,42
3835,15,42
3836,15,40
3837,15,39
3838,9,38
3839,11,36
3840,10,36
3841,10,39
3842,10,38
3843,15,38
3844,10,40
3845,11,37
3846,10,38
3847,10,39
3848,13,37
3849,10,38
3850,11,35
3851,12,40
3852,12,41
3853,12,42
3854,12,42
3855,13,42
3856,17,43
3857,17,39
3858,13,40
3859,11,42
3860,13,42
3861,15,40
3862,13,41
3863,14,39
3864,12,40
3865,14,42
3866,13,42
3867,13,42
3868,13,42
3869,15,44
3870,15,41
3871,14,41
3872,14,42
3873,13,42
3874,13,41
3875,14,42
3876,15,41
3877,15,42
3878,13,42
3879,13,44
3880,14,40
3881,14,42
3882,18,43
3883,15,42
3884,12,41
3885,12,40
3886,10,40
3887,11,40
3888,11,40
3889,11,41
3890,11,38
3891,12,41
3892,14,42
3893,15,42
3894,14,39
3895,15,43
3896,14,42
3897,15,42
3898,17,40
3899,16,41
3900,16,40
3901,16,40
3902,16,41
3903,16,40
3904,11,40
3905,11,41
3906,15,40
3907,17,39
3908,15,43
3909,16,41
3910,15,40
3911,16,39
3912,16,41
3913,16,41
3914,17,40
3915,16,40
3916,15,41
3917,12,38
3918,10,40
3919,11,42
3920,12,41
3921,12,42
3922,11,38
3923,12,41
3924,12,40
3925,12,38
3926,10,39
3927,11,39
3928,12,38
3929,9,39
3930,13,43
3931,15,41
3932,13,43
3933,15,40
3934,12,42
3935,12,40
3936,12,39
3937,13,40
3938,13,41
3939,13,43
3940,19,42
3941,13,40
3942,13,42
3943,13,40
3944,13,40
3945,14,41
3946,13,41
3947,13,43
3948,14,41
3949,14,36
3950,10,41
3951,13,40
3952,11,40
3953,13,39
3954,12,40
3955,11,40
3956,13,34
3957,11,38
3958,11,40
3959,12,39
3960,15,40
3961,11,39
3962,11,42
3963,12,38
3964,18,42
3965,14,40
3966,16,40
3967,18,41
3968,15,40
3969,16,42
3970,17,41
3971,17,43
3972,13,41
3973,14,43
3974,14,42
3975,14,42
3976,13,40
3977,14,39
3978,14,35
3979,10,39
3980,12,37
3981,11,37
3982,11,41
3983,12,40
3984,12,39
3985,13,39
3986,12,40
3987,13,42
3988,12,40
3989,14,39
3990,10,39
3991,13,38
3992,11,39
3993,10,39
3994,11,39
3995,11,36
3996,14,39
3997,15,38
3998,10,38
3999,11,40
4000,12,39
4001,11,39
4002,12,41
4003,12,41
4004,12,40
4005,12,40
4006,12,39
4007,12,38
4008,13,40
4009,12,43
4010,15,40
4011,14,39
4012,12,42
4013,18,39
4014,10,37
4015,10,36
4016,10,37
4017,16,38
4018,10,37
4019,9,35
4020,12,36
4021,11,38
4022,11,36
4023,12,40
4024,11,41
4025,10,42
4026,10,42
4027,13,41
4028,22,42
4029,16,42
4030,21,41
4031,14,40
4032,14,42
4033,13,41
4034,14,40
4035,16,41
4036,14,42
4037,15,41
4038,15,43
4039,15,41
4040,14,41
4041,15,42
4042,14,41
4043,14,42
4044,14,41
4045,14,41
4046,15,40
4047,16,41
4048,12,41
4049,11,41
4050,12,39
4051,13,40
4052,13,42
4053,16,40
4054,17,40
4055,11,39
4056,14,38
4057,15,40
4058,12,40
4059,14,40
4060,11,42
4061,15,40
4062,12,38
4063,14,40
4064,18,41
4065,14,39
4066,15,40
4067,15,40
4068,14,43
4069,17,41
4070,15,41
4071,17,40
4072,15,41
4073,20,40
4074,18,44
4075,16,42
4076,12,41
4077,15,44
4078,14,41
4079,14,41
4080,18,42
4081,14,41
4082,14,42
4083,18,40
4084,14,42
4085,14,41
4086,13,41
4087,15,41
4088,13,41
4089,14,43
4090,16,43
4091,13,41
4092,15,41
4093,15,43
4094,14,42
4095,14,41
4096,16,41
4097,16,41
4098,16,42
4099,14,40
4100,17,41
4101,14,40
4102,16,42
4103,14,42
4104,17,40
4105,15,41
4106,12,40
4107,14,42
4108,15,42
4109,19,42
4110,17,41
4111,15,41
4112,14,39
4113,13,39
4114,13,40
4115,13,40
4116,13,44
4117,14,38
4118,13,41
4119,13,42
4120,15,40
4121,13,42
4122,20,41
4123,15,42
4124,14,40
4125,14,39
4126,13,40
4127,19,38
4128,14,38
4129,10,42
4130,14,40
4131,12,39
4132,13,41
4133,18,42
4134,15,40
4135,15,39
4136,17,42
4137,16,41
4138,15,40
4139,14,40
4140,13,44
4141,15,41
4142,15,45
4143,16,41
4144,16,42
4145,15,42
4146,14,41
4147,16,41
4148,15,41
4149,15,42
4150,14,40
4151,16,43
4152,16,43
4153,15,41
4154,14,40
4155,16,43
4156,13,41
4157,15,41
4158,14,39
4159,15,41
4160,15,39
4161,14,42
4162,16,41
4163,14,41
4164,14,39
4165,15,39
4166,15,41
4167,18,40
4168,14,41
4169,17,39
4170,20,40
4171,16,41
4172,12,41
4173,15,41
4174,14,41
4175,14,41
4176,16,40
4177,16,42
4178,14,38
4179,17,37
4180,10,39
4181,12,41
4182,13,42
4183,15,40
4184,16,41
4185,14,41
4186,14,41
4187,14,40
4188,15,40
4189,14,43
4190,16,40
4191,16,42
4192,16,41
4193,10,42
4194,14,43
4195,14,41
4196,13,41
4197,14,41
4198,12,41
4199,15,37
4200,12,40
4201,12,39
4202,13,40
4203,14,40
4204,16,41
4205,19,42
4206,14,42
4207,19,43
4208,11,42
4209,16,41
4210,15,41
4211,15,42
4212,16,40
4213,17,40
4214,14,41
4215,17,41
4216,15,41
4217,15,42
4218,15,42
4219,16,41
4220,15,43
4221,16,41
4222,15,42
4223,13,41
4224,19,40
4225,12,40
4226,14,39
4227,13,41
4228,13,39
4229,12,41
4230,14,40
4231,17,41
4232,13,38
4233,13,40
4234,17,37
4235,15,41
4236,13,37
4237,13,40
4238,19,40
4239,11,41
4240,15,42
4241,15,41
4242,16,41
4243,17,42
4244,20,40
4245,18,42
4246,18,44
4247,16,42
4248,17,43
4249,15,40
4250,18,42
4251,14,41
4252,13,41
4253,16,41
4254,14,40
4255,14,38
4256,14,39
4257,13,41
4258,14,41
4259,16,42
4260,14,40
4261,17,41
4262,14,40
4263,14,39
4264,14,42
4265,15,40
4266,21,36
4267,8,38
4268,9,36
4269,10,39
4270,10,39
4271,10,37
4272,12,39
4273,9,38
4274,10,38
4275,10,37
4276,10,37
4277,10,36
4278,10,38
4279,9,36
4280,11,38
4281,12,38
4282,9,37
4283,9,36
4284,15,39
4285,12,43
4286,15,43
4287,16,43
4288,14,42
4289,15,40
4290,14,42
4291,15,42
4292,15,44
4293,14,41
4294,17,42
4295,15,40
4296,13,41
4297,17,42
4298,12,41
4299,19,42
4300,13,41
4301,15,41
4302,15,43
4303,14,40
4304,16,41
4305,14,39
4306,16,42
4307,14,42
4308,18,41
4309,15,39
4310,20,40
4311,15,44
4312,15,40
4313,15,41
4314,17,42
4315,12,41
4316,12,39
4317,11,40
4318,12,40
4319,16,40
4320,12,39
4321,15,38
4322,10,41
4323,11,39
4324,11,42
4325,12,40
4326,12,40
4327,12,41
4328,15,40
4329,18,40
4330,16,42
4331,14,39
4332,15,42
4333,16,39
4334,10,40
4335,11,39
4336,14,38
4337,11,42
4338,10,38
4339,11,39
4340,11,37
4341,11,40
4342,11,40
4343,12,39
4344,12,40
4345,14,39
4346,13,39
4347,12,41
4348,12,40
4349,14,40
4350,14,43
4351,15,41
4352,18,42
4353,12,43
4354,13,41
4355,15,40
4356,12,40
4357,13,42
4358,13,40
4359,13,41
4360,13,41
4361,13,40
4362,12,40
4363,13,44
4364,13,41
4365,15,42
4366,14,42
4367,14,42
4368,14,41
4369,15,42
4370,18,42
4371,14,43
4372,14,41
4373,15,42
4374,21,40
4375,20,43
4376,15,44
4377,15,42
4378,15,43
4379,14,42
4380,14,42
4381,14,42
4382,12,40
4383,16,39
4384,20,39
4385,13,40
4386,13,42
4387,15,39
4388,13,43
4389,15,42
4390,14,156
4391,10,41
4392,18,38
4393,10,40
4394,11,39
4395,11,43
4396,12,40
4397,12,41
4398,12,40
4399,12,42
4400,12,42
4401,13,41
4402,17,41
4403,12,40
4404,14,41
4405,12,40
4406,13,42
4407,12,38
4408,12,40
4409,12,42
4410,13,42
4411,12,41
4412,12,42
4413,12,41
4414,15,42
4415,15,43
4416,15,41
4417,16,42
4418,18,42
4419,16,41
4420,16,43
4421,18,41
4422,14,42
4423,13,40
4424,14,42
4425,14,43
4426,14,42
4427,14,41
4428,14,44
4429,18,40
4430,13,43
4431,15,43
4432,14,40
4433,14,41
4434,14,41
4435,13,40
4436,15,40
4437,15,39
4438,14,39
4439,14,40
4440,14,42
4441,13,44
4442,15,42
4443,15,42
4444,11,41
4445,15,41
4446,12,41
4447,13,41
4448,13,42
4449,13,39
4450,12,41
4451,13,39
4452,13,40
4453,13,42
4454,14,42
4455,13,42
4456,13,42
4457,14,40
4458,15,42
4459,15,40
4460,14,41
4461,19,41
4462,14,42
4463,14,41
4464,15,42
4465,14,40
4466,15,41
4467,14,42
4468,16,40
4469,15,41
4470,15,39
4471,15,39
4472,16,42
4473,21,41
4474,16,41
4475,17,41
4476,18,42
4477,16,40
4478,13,39
4479,16,41
4480,12,42
4481,12,40
4482,15,41
4483,14,42
4484,14,42
4485,16,40
4486,16,42
4487,17,41
4488,17,40
4489,17,41
4490,17,41
4491,16,38
4492,14,39
4493,13,42
4494,13,40
4495,12,38
4496,12,39
4497,16,41
4498,14,39
4499,13,42
4500,13,38
4501,14,40
4502,15,39
4503,14,40
4504,10,41
4505,15,42
4506,14,44
4507,21,42
4508,22,40
4509,16,41
4510,13,42
4511,16,41
4512,16,41
4513,13,42
4514,14,40
4515,14,41
4516,15,41
4517,16,41
4518,16,40
4519,14,42
4520,14,41
4521,15,42
4522,15,39
4523,14,42
4524,14,42
4525,20,41
4526,15,42
4527,14,41
4528,14,39
4529,10,39
4530,15,39
4531,11,41
4532,12,44
4533,15,41
4534,14,41
4535,14,42
4536,14,41
4537,14,40
4538,14,41
4539,9,42
4540,19,39
4541,11,40
4542,11,38
4543,19,34
4544,10,40
4545,19,36
4546,9,38
4547,11,35
4548,11,34
4549,10,38
4550,11,42
4551,13,38
4552,9,43
4553,18,40
4554,14,41
4555,15,41
4556,18,42
4557,14,40
4558,19,42
4559,15,41
4560,15,40
4561,14,40
4562,10,40
4563,14,40
4564,19,40
4565,15,41
4566,15,41
4567,16,40
4568,18,41
4569,14,40
4570,15,42
4571,16,43
4572,13,39
4573,15,40
4574,13,41
4575,13,42
4576,13,40
4577,15,40
4578,13,40
4579,13,42
4580,13,36
4581,10,40
4582,12,39
4583,12,38
4584,12,42
4585,15,41
4586,19,43
4587,14,40
4588,15,41
4589,14,42
4590,17,42
4591,16,40
4592,19,37
4593,14,40
4594,15,40
4595,14,39
4596,14,39
4597,14,43
4598,19,40
4599,14,41
4600,20,40
4601,15,40
4602,14,39
4603,14,39
4604,14,40
4605,14,40
4606,14,41
4607,14,42
4608,15,41
4609,15,40
4610,14,42
4611,13,40
4612,15,41
4613,18,41
4614,15,43
4615,16,43
4616,15,42
4617,15,43
4618,14,41
4619,14,43
4620,16,42
4621,14,40
4622,15,42
4623,14,42
4624,15,41
4625,14,44
4626,16,43
4627,16,42
4628,16,42
4629,17,42
4630,13,39
4631,13,42
4632,13,40
4633,17,41
4634,13,42
4635,12,39
4636,13,42
4637,13,40
4638,15,40
4639,14,41
4640,15,42
4641,15,41
4642,14,41
4643,17,39
4644,14,40
4645,15,38
4646,15,40
4647,14,38
4648,12,42
4649,14,40
4650,14,40
4651,14,40
4652,14,39
4653,14,40
4654,16,40
4655,14,40
4656,14,40
4657,13,41
4658,15,39
4659,16,42
4660,14,40
4661,13,42
4662,17,42
4663,13,39
4664,15,39
4665,15,39
4666,14,43
4667,14,40
4668,15,39
4669,14,41
4670,15,41
4671,15,42
4672,14,41
4673,15,40
4674,13,40
4675,14,42
4676,15,43
4677,15,40
4678,18,41
4679,13,41
4680,14,40
4681,15,40
4682,14,42
4683,15,41
4684,13,40
4685,14,41
4686,15,41
4687,14,39
4688,13,42
4689,14,42
4690,13,40
4691,13,42
4692,15,42
4693,14,42
4694,12,41
4695,12,40
4696,16,40
4697,13,41
4698,18,41
4699,13,42
4700,12,42
4701,16,44
4702,12,39
4703,13,41
4704,12,43
4705,11,42
4706,13,42
4707,12,41
4708,16,42
4709,15,40
4710,15,43
4711,16,42
4712,17,43
4713,17,42
4714,17,45
4715,17,40
4716,11,36
4717,12,37
4718,12,41
4719,13,40
4720,12,41
4721,16,42
4722,15,41
4723,14,41
4724,14,41
4725,15,41
4726,16,42
4727,15,44
4728,15,40
4729,15,42
4730,13,42
4731,14,38
4732,10,40
4733,14,40
4734,12,41
4735,11,38
4736,11,42
4737,12,42
4738,14,41
4739,16,42
4740,15,44
4741,15,39
4742,15,42
4743,15,42
4744,17,41
4745,15,42
4746,14,42
4747,14,40
4748,12,41
4749,11,40
4750,11,42
4751,11,38
4752,11,38
4753,12,40
4754,12,42
4755,12,39
4756,12,37
4757,11,40
4758,12,40
4759,11,39
4760,12,38
4761,12,39
4762,18,38
4763,11,42
4764,13,40
4765,15,43
4766,15,42
4767,15,40
4768,16,40
4769,15,40
4770,14,40
4771,14,40
4772,16,40
4773,18,42
4774,18,40
4775,14,41
4776,15,39
4777,14,40
4778,14,41
4779,14,41
4780,13,40
4781,14,41
4782,14,43
4783,15,41
4784,17,41
4785,15,42
4786,14,41
4787,15,42
4788,17,42
4789,15,42
4790,16,39
4791,17,41
4792,18,43
4793,16,41
4794,13,40
4795,12,41
4796,13,40
4797,14,41
4798,13,39
4799,13,42
4800,15,42
4801,13,42
4802,13,41
4803,14,40
4804,15,39
4805,14,44
4806,13,41
4807,14,43
4808,14,41
4809,16,38
4810,11,38
4811,10,35
4812,17,42
4813,15,42
4814,16,41
4815,11,41
4816,12,41
4817,12,41
4818,12,42
4819,12,40
4820,12,40
4821,12,42
4822,14,39
4823,12,41
4824,16,41
4825,15,42
4826,16,42
4827,15,42
4828,14,40
4829,20,40
4830,14,42
