t,cpuusage,avgtasktime,maxtasktime
1,14,323,954
2,16,334,698
3,15,359,1279
4,21,321,860
5,15,329,587
6,13,327,1096
7,15,345,625
8,21,335,884
9,18,349,889
10,14,348,593
11,16,331,852
12,16,316,1066
13,16,330,864
14,18,340,581
15,16,327,598
16,14,323,1064
17,19,327,885
18,19,315,885
19,14,337,597
20,15,336,606
21,15,323,746
22,18,335,895
23,12,331,874
24,14,326,898
25,14,334,580
26,17,330,632
27,15,325,589
28,12,347,584
29,16,325,581
30,16,333,596
31,16,334,587
32,15,324,646
33,17,319,596
34,13,353,1411
35,18,330,583
36,13,320,939
37,15,315,876
38,16,323,600
39,16,342,604
40,16,338,850
41,15,335,946
42,16,330,881
43,13,304,738
44,17,336,1689
45,13,329,918
46,13,325,884
47,13,324,605
48,15,305,618
49,16,322,591
50,14,327,583
51,22,323,850
52,18,329,580
53,14,319,666
54,14,325,601
55,14,320,864
56,16,314,592
57,17,326,639
58,12,319,1673
59,12,307,590
60,14,324,586
61,15,315,592
62,17,304,592
63,15,303,593
64,16,310,850
65,16,328,890
66,11,326,582
67,15,327,585
68,17,327,586
69,14,325,581
70,15,325,586
71,18,327,594
72,17,347,478
73,14,347,608
74,15,329,592
75,14,327,871
76,15,322,587
77,15,316,975
78,16,300,742
79,21,316,744
80,13,322,574
81,17,324,590
82,14,322,570
83,14,319,667
84,15,315,940
85,16,318,582
86,15,324,738
87,12,300,582
88,13,300,589
89,12,320,884
90,13,323,595
91,16,325,597
92,13,328,596
93,14,324,606
94,14,336,1156
95,15,334,874
96,13,328,580
97,9,309,600
98,16,300,595
99,12,299,595
100,11,314,653
101,11,323,579
102,14,322,588
103,12,317,604
104,14,347,436
105,14,346,454
106,17,348,430
107,18,349,474
108,15,348,496
109,15,349,476
110,15,346,428
111,14,345,458
112,14,343,423
113,17,345,426
114,17,344,422
115,15,345,485
116,16,356,1502
117,15,344,425
118,16,346,1092
119,14,324,585
120,16,323,582
121,15,326,646
122,15,333,589
123,15,313,592
124,17,320,587
125,16,328,684
126,18,345,444
127,15,346,419
128,16,345,431
129,16,345,497
130,15,344,426
131,16,345,416
132,16,345,542
133,16,344,422
134,15,330,640
135,14,323,584
136,15,325,608
137,16,323,759
138,17,346,423
139,15,347,419
140,13,350,934
141,14,343,417
142,14,338,576
143,13,310,742
144,15,325,578
145,18,324,727
146,17,300,741
147,17,298,722
148,16,311,943
149,17,323,616
150,16,324,731
151,18,310,808
152,17,302,670
153,15,326,604
154,18,330,588
155,19,333,626
156,15,332,640
157,17,320,591
158,17,303,596
159,18,302,590
160,16,303,596
161,16,304,590
162,18,309,594
163,17,329,588
164,14,325,583
165,15,324,870
166,15,323,580
167,14,325,660
168,14,322,582
169,15,323,581
170,15,324,621
171,14,305,589
172,14,305,591
173,14,320,843
174,11,341,584
175,11,363,1217
176,14,348,502
177,11,348,479
178,14,348,486
179,12,345,433
180,11,345,419
181,13,345,415
182,12,341,578
183,11,326,878
184,13,336,886
185,12,315,1081
186,20,303,751
187,17,304,752
188,17,309,749
189,16,325,580
190,18,322,586
191,18,323,578
192,18,323,661
193,15,325,586
194,15,323,584
195,15,320,586
196,15,325,600
197,18,323,591
198,17,326,877
199,15,340,1109
200,20,347,429
201,13,349,431
202,14,344,565
203,14,326,581
204,15,323,588
205,17,327,604
206,16,321,571
207,15,307,594
208,15,302,591
209,16,302,595
210,16,303,602
211,14,305,660
212,16,303,592
213,14,303,595
214,16,303,608
215,16,299,618
216,14,305,604
217,15,302,590
218,15,320,842
219,15,320,578
220,15,328,696
221,11,343,617
222,12,323,581
223,10,325,628
224,13,323,597
225,11,328,648
226,13,325,862
227,11,324,671
228,12,321,580
229,13,320,585
230,11,321,659
231,15,320,586
232,14,334,593
233,14,339,588
234,14,325,597
235,16,326,594
236,13,325,594
237,15,324,606
238,14,322,592
239,14,325,592
240,12,316,667
241,15,320,866
242,10,323,582
243,10,322,583
244,11,322,580
245,13,322,583
246,10,325,581
247,10,319,885
248,16,323,571
249,15,326,578
250,15,325,572
251,16,322,573
252,16,323,578
253,14,325,584
254,14,335,580
255,14,339,424
256,15,341,416
257,14,341,424
258,12,346,635
259,14,344,495
260,13,343,429
261,16,345,432
262,13,345,429
263,11,322,675
264,13,327,583
265,12,328,612
266,18,325,605
267,12,340,596
268,14,349,495
269,16,355,480
270,16,346,470
271,14,340,480
272,15,344,463
273,15,339,468
274,17,348,438
275,15,347,439
276,16,346,467
277,16,345,427
278,15,347,466
279,15,341,423
280,15,336,738
281,20,316,857
282,17,342,436
283,12,345,465
284,12,346,499
285,12,346,519
286,12,343,418
287,11,347,531
288,12,349,537
289,11,332,584
290,11,326,581
291,13,345,461
292,12,346,456
293,12,345,426
294,12,342,637
295,12,309,865
296,17,322,585
297,16,323,588
298,16,324,586
299,15,324,586
300,11,344,670
301,16,331,944
302,14,301,750
303,12,322,735
304,13,321,578
305,14,300,588
306,14,303,580
307,11,303,582
308,13,301,597
309,12,301,583
310,12,304,597
311,12,303,598
312,10,324,583
313,11,323,584
314,19,324,593
315,13,342,682
316,12,325,584
317,12,325,655
318,13,322,586
319,13,323,586
320,12,347,573
321,12,357,1158
322,15,381,988
323,15,334,624
324,17,326,632
325,17,320,592
326,15,330,585
327,15,333,569
328,15,328,879
329,16,309,863
330,12,299,847
331,11,302,963
332,11,303,862
333,10,306,874
334,10,308,883
335,11,313,1030
336,11,313,886
337,10,315,884
338,11,322,580
339,14,326,664
340,13,324,658
341,13,321,580
342,13,334,576
343,12,351,1344
344,18,341,617
345,13,355,1160
346,16,345,484
347,14,345,476
348,15,337,577
349,15,323,594
350,15,323,585
351,15,322,594
352,15,322,582
353,14,323,585
354,15,323,593
355,15,324,584
356,15,335,586
357,14,341,420
358,16,331,566
359,15,338,581
360,16,345,502
361,16,335,854
362,15,325,600
363,13,324,583
364,18,325,661
365,15,322,588
366,16,322,580
367,15,322,591
368,16,324,586
369,16,322,581
370,14,327,589
371,16,322,588
372,15,349,692
373,15,349,477
374,16,336,569
375,15,322,587
376,16,327,624
377,18,342,591
378,14,351,488
379,12,353,490
380,17,351,504
381,12,343,628
382,11,351,489
383,15,331,597
384,21,323,584
385,11,332,579
386,12,338,583
387,14,325,588
388,11,325,602
389,12,325,594
390,11,340,625
391,13,329,585
392,16,324,585
393,16,324,632
394,16,333,584
395,18,341,486
396,15,341,502
397,14,345,557
398,14,343,472
399,16,345,553
400,16,345,510
401,16,346,1461
402,17,324,655
403,15,322,743
404,11,319,1728
405,11,315,592
406,15,323,673
407,15,345,577
408,14,346,427
409,15,317,748
410,16,342,858
411,13,345,424
412,16,348,491
413,15,314,590
414,15,301,592
415,15,320,578
416,17,323,585
417,14,323,663
418,14,321,577
419,15,321,586
420,15,323,584
421,14,325,587
422,15,342,573
423,14,347,618
424,15,323,596
425,17,302,931
426,18,301,758
427,18,304,889
428,19,299,754
429,17,315,753
430,17,322,588
431,16,322,667
432,16,321,576
433,13,326,612
434,15,325,577
435,15,325,577
436,16,304,715
437,20,310,589
438,16,341,585
439,18,347,619
440,15,345,491
441,15,345,432
442,16,336,573
443,16,328,645
444,18,326,670
445,17,329,699
446,16,325,696
447,16,323,586
448,12,324,656
449,17,323,586
450,21,324,649
451,18,325,590
452,17,320,595
453,16,321,586
454,14,324,669
455,18,331,1445
456,19,321,622
457,17,317,1081
458,18,324,592
459,15,329,671
460,14,327,833
461,14,320,594
462,16,323,862
463,11,317,739
464,14,317,942
465,13,323,648
466,19,322,584
467,13,322,579
468,15,321,577
469,13,323,578
470,13,339,572
471,13,341,579
472,12,330,735
473,18,299,804
474,16,321,735
475,10,326,588
476,10,323,580
477,11,324,595
478,10,324,669
479,10,324,591
480,12,323,587
481,11,323,593
482,10,323,588
483,11,333,901
484,11,326,636
485,10,326,894
486,10,327,1210
487,11,320,585
488,13,321,586
489,13,322,579
490,13,321,578
491,12,321,580
492,13,322,579
493,12,322,580
494,13,325,649
495,12,325,586
496,13,325,612
497,13,324,582
498,12,328,601
499,15,323,585
500,18,324,594
501,12,325,593
502,13,331,581
503,16,361,892
504,15,326,572
505,16,335,586
506,12,318,869
507,17,312,849
508,16,320,735
509,12,326,582
510,15,325,694
511,16,321,583
512,18,332,1133
513,17,308,869
514,13,303,915
515,13,301,742
516,12,300,740
517,11,302,739
518,12,309,735
519,12,311,1004
520,11,327,894
521,20,345,456
522,14,340,579
523,15,324,654
524,14,332,590
525,13,345,431
526,14,346,486
527,14,345,484
528,14,344,480
529,14,343,423
530,14,344,433
531,17,346,500
532,14,344,425
533,16,335,582
534,16,340,646
535,11,345,418
536,12,345,423
537,12,346,425
538,12,347,420
539,12,350,474
540,11,350,499
541,16,351,676
542,12,349,497
543,11,348,476
544,12,345,469
545,13,346,477
546,14,347,484
547,13,345,448
548,15,345,430
549,14,348,490
550,14,350,531
551,13,350,487
552,15,349,469
553,14,334,625
554,17,324,634
555,14,325,672
556,15,324,676
557,15,322,586
558,14,325,671
559,13,322,599
560,13,328,671
561,14,329,900
562,11,322,587
563,18,307,864
564,14,321,846
565,15,324,588
566,15,308,589
567,15,340,574
568,13,326,594
569,17,316,587
570,11,304,637
571,12,305,598
572,12,303,593
573,12,315,589
574,12,322,602
575,16,329,577
576,15,323,576
577,10,327,843
578,12,323,597
579,12,333,664
580,11,337,583
581,11,320,873
582,12,339,902
583,14,346,430
584,15,344,425
585,15,345,447
586,15,346,470
587,18,345,421
588,17,346,418
589,14,345,427
590,15,343,593
591,14,331,577
592,15,326,582
593,16,327,578
594,16,328,650
595,15,324,575
596,15,324,578
597,16,322,722
598,15,322,665
599,15,321,664
600,20,339,646
601,17,347,628
602,14,323,583
603,13,328,587
604,14,324,591
605,15,325,591
606,15,337,1039
607,14,329,623
608,15,330,900
609,15,333,688
610,16,346,434
611,16,343,459
612,14,330,671
613,15,317,598
614,14,307,845
615,12,331,649
616,15,353,1017
617,18,353,870
618,17,354,878
619,14,346,477
620,14,344,420
621,14,341,581
622,15,323,593
623,17,335,1112
624,18,306,604
625,16,304,594
626,17,303,873
627,16,314,751
628,15,322,589
629,18,337,630
630,17,348,607
631,16,346,420
632,16,346,425
633,15,346,419
634,17,347,419
635,16,347,432
636,17,346,423
637,17,347,424
638,15,349,518
639,15,346,418
640,16,341,569
641,15,324,594
642,13,325,601
643,16,324,593
644,12,318,742
645,13,302,748
646,13,302,751
647,15,320,740
648,13,322,577
649,17,326,585
650,17,326,622
651,17,323,586
652,17,322,581
653,14,322,593
654,17,322,596
655,14,322,584
656,16,322,596
657,16,323,589
658,18,321,591
659,16,324,595
660,15,324,665
661,18,323,591
662,15,326,601
663,16,317,903
664,17,310,1072
665,17,303,653
666,11,307,698
667,13,318,601
668,10,321,584
669,10,322,586
670,11,324,578
671,9,325,576
672,9,327,570
673,11,327,581
674,10,320,865
675,10,312,1022
676,10,333,856
677,10,323,882
678,11,339,532
679,15,336,455
680,15,340,603
681,14,342,452
682,15,348,564
683,14,344,538
684,14,330,578
685,16,316,588
686,16,308,588
687,13,322,646
688,13,321,591
689,12,322,650
690,15,321,591
691,13,323,599
692,13,322,594
693,11,326,598
694,13,324,585
695,14,324,586
696,17,319,613
697,17,310,892
698,15,325,577
699,13,325,686
700,15,323,588
701,14,323,580
702,14,321,578
703,16,322,575
704,17,324,583
705,14,323,588
706,16,323,584
707,18,320,607
708,17,317,737
709,18,300,743
710,16,306,862
711,18,311,744
712,17,324,592
713,14,325,587
714,13,323,651
715,12,323,591
716,13,344,585
717,12,353,955
718,16,345,477
719,14,347,482
720,14,361,856
721,10,356,1127
722,16,345,457
723,15,336,473
724,15,321,666
725,14,302,584
726,18,313,568
727,12,318,607
728,13,320,571
729,12,347,913
730,18,331,699
731,12,327,579
732,12,327,582
733,12,326,586
734,13,327,581
735,12,338,580
736,15,328,673
737,14,337,850
738,12,328,667
739,11,325,845
740,13,324,593
741,11,313,592
742,11,303,593
743,13,333,576
744,15,340,606
745,12,314,856
746,13,322,595
747,14,327,612
748,16,323,649
749,16,324,699
750,18,324,599
751,17,318,748
752,17,321,710
753,20,325,622
754,15,343,578
755,13,345,457
756,14,345,502
757,14,344,432
758,14,351,617
759,16,339,606
760,18,323,580
761,14,337,575
762,17,346,478
763,15,346,424
764,14,346,543
765,15,346,558
766,16,345,460
767,15,343,423
768,15,348,457
769,16,345,424
770,16,348,610
771,15,350,612
772,14,338,872
773,15,309,881
774,17,331,1891
775,9,332,584
776,18,335,595
777,10,339,627
778,10,340,636
779,10,328,584
780,9,319,549
781,11,314,570
782,11,316,560
783,10,318,661
784,11,318,539
785,10,317,623
786,14,302,846
787,10,302,703
788,11,308,828
789,11,304,591
790,10,300,586
791,9,298,584
792,18,316,590
793,10,324,610
794,11,322,574
795,12,325,600
796,12,324,683
797,12,323,590
798,13,323,661
799,12,325,590
800,12,336,593
801,13,344,449
802,16,325,746
803,16,308,747
804,12,326,586
805,12,322,588
806,11,323,592
807,10,315,881
808,16,321,580
809,14,323,588
810,18,323,593
811,13,305,749
812,16,306,746
813,10,323,579
814,15,323,581
815,10,323,610
816,16,323,594
817,13,324,589
818,11,300,748
819,14,299,749
820,14,333,885
821,12,348,603
822,21,344,420
823,15,348,434
824,15,347,422
825,15,347,425
826,15,346,557
827,15,323,587
828,15,322,583
829,16,323,586
830,17,324,596
831,18,325,586
832,16,325,592
833,16,326,592
834,17,346,557
835,17,350,485
836,16,336,437
837,15,341,496
838,18,329,666
839,14,318,714
840,10,321,733
841,12,326,586
842,16,327,664
843,15,327,867
844,14,325,587
845,14,349,540
846,15,333,680
847,20,321,579
848,15,322,665
849,16,325,584
850,16,321,588
851,18,320,580
852,14,322,579
853,17,321,583
854,16,322,603
855,15,334,596
856,15,331,879
857,16,348,587
858,15,347,565
859,14,347,523
860,15,348,515
861,15,338,573
862,15,313,742
863,16,323,582
864,9,322,587
865,11,327,839
866,13,301,747
867,12,304,743
868,12,333,591
869,13,340,586
870,16,344,424
871,14,344,421
872,18,344,454
873,16,346,470
874,14,336,578
875,13,326,586
876,14,323,578
877,18,321,570
878,13,321,562
879,14,319,581
880,13,325,993
881,14,331,578
882,14,337,578
883,14,323,578
884,13,324,668
885,13,323,593
886,14,325,600
887,14,326,610
888,14,332,1126
889,15,327,598
890,14,329,597
891,15,329,996
892,15,324,606
893,14,317,600
894,14,320,602
895,14,321,591
896,17,332,586
897,14,345,492
898,16,341,452
899,20,350,678
900,15,373,580
901,15,354,540
902,17,316,888
903,19,323,582
904,14,332,579
905,14,344,575
906,17,346,603
907,20,345,456
908,15,347,485
909,16,343,461
910,16,323,667
911,15,319,588
912,13,320,581
913,12,324,581
914,18,304,745
915,14,307,869
916,16,315,1059
917,13,302,892
918,14,312,749
919,13,325,908
920,18,321,581
921,16,321,583
922,18,323,642
923,17,323,582
924,16,323,706
925,16,341,578
926,18,325,594
927,14,324,720
928,15,312,751
929,13,300,752
930,14,301,868
931,13,299,745
932,13,301,749
933,14,301,746
934,13,302,968
935,13,318,745
936,14,327,576
937,16,322,574
938,17,321,578
939,15,320,590
940,15,320,572
941,15,327,583
942,11,345,461
943,15,346,504
944,12,345,428
945,12,329,594
946,17,331,595
947,9,334,616
948,15,328,848
949,14,327,586
950,13,338,645
951,15,327,874
952,15,329,607
953,13,332,872
954,14,321,585
955,14,316,904
956,13,335,2044
957,12,329,690
958,15,318,990
959,16,322,888
960,13,325,590
961,16,319,888
962,17,316,871
963,13,327,637
964,10,331,745
965,17,321,580
966,13,323,695
967,12,334,1558
968,20,318,744
969,16,302,897
970,17,301,750
971,19,321,588
972,17,327,597
973,18,325,591
974,16,327,669
975,13,326,650
976,13,325,698
977,14,326,643
978,15,324,598
979,17,324,598
980,14,325,660
981,15,303,756
982,15,301,837
983,11,328,598
984,11,300,750
985,15,318,737
986,11,316,586
987,10,323,596
988,11,324,592
989,11,324,647
990,10,326,599
991,13,325,615
992,11,323,599
993,10,323,601
994,12,325,600
995,13,326,600
996,10,325,593
997,10,332,1059
998,13,347,434
999,13,345,461
1000,17,346,489
1001,12,358,962
1002,12,348,2504
1003,12,328,616
1004,11,330,653
1005,10,331,596
1006,10,326,589
1007,9,327,630
1008,10,324,596
1009,11,326,622
1010,10,331,916
1011,11,337,595
1012,10,324,591
1013,14,324,588
1014,11,324,587
1015,11,322,581
1016,15,323,574
1017,11,322,586
1018,12,321,571
1019,19,322,570
1020,12,322,582
1021,11,322,587
1022,12,322,586
1023,17,323,582
1024,15,324,663
1025,18,322,590
1026,18,322,580
1027,11,323,588
1028,13,322,580
1029,12,323,653
1030,11,320,579
1031,12,327,584
1032,13,328,628
1033,12,324,580
1034,15,318,743
1035,15,325,595
1036,13,325,587
1037,14,310,590
1038,15,303,590
1039,15,302,589
1040,15,299,587
1041,14,300,579
1042,16,300,587
1043,17,318,585
1044,14,320,574
1045,16,329,638
1046,17,338,573
1047,14,320,591
1048,12,322,588
1049,11,322,587
1050,12,323,633
1051,17,322,586
1052,12,323,652
1053,11,325,664
1054,18,320,585
1055,12,320,580
1056,11,322,587
1057,14,324,663
1058,12,321,589
1059,12,326,608
1060,11,350,554
1061,15,323,583
1062,15,323,589
1063,14,324,599
1064,13,325,604
1065,14,327,634
1066,14,327,628
1067,13,327,635
1068,15,328,645
1069,13,326,610
1070,14,323,743
1071,13,325,642
1072,14,326,585
1073,18,324,578
1074,14,323,586
1075,14,321,726
1076,14,328,1617
1077,15,300,741
1078,13,299,744
1079,12,322,880
1080,13,323,1180
1081,15,303,588
1082,18,304,590
1083,17,302,592
1084,16,302,589
1085,14,302,594
1086,17,303,647
1087,15,336,581
1088,16,346,427
1089,15,347,425
1090,16,346,418
1091,16,348,560
1092,15,345,433
1093,16,345,1068
1094,16,316,737
1095,14,319,572
1096,16,321,592
1097,13,326,645
1098,15,326,685
1099,14,324,590
1100,15,325,631
1101,14,326,767
1102,15,324,596
1103,15,318,873
1104,14,323,600
1105,13,320,740
1106,14,305,750
1107,13,310,879
1108,14,325,579
1109,18,322,572
1110,17,323,567
1111,14,323,575
1112,16,323,581
1113,17,322,580
1114,17,327,866
1115,16,320,581
1116,15,322,591
1117,17,321,584
1118,11,323,689
1119,16,325,582
1120,17,325,626
1121,22,316,596
1122,16,304,875
1123,15,305,999
1124,14,321,684
1125,17,324,660
1126,19,334,1058
1127,17,328,851
1128,18,342,1032
1129,13,347,476
1130,12,344,470
1131,11,347,542
1132,12,344,512
1133,14,356,1191
1134,12,347,514
1135,14,350,519
1136,14,341,577
1137,13,327,645
1138,14,341,583
1139,16,321,746
1140,18,324,570
1141,15,329,861
1142,18,298,1070
1143,19,303,598
1144,14,306,666
1145,14,302,594
1146,15,301,593
1147,16,301,667
1148,14,303,591
1149,15,319,588
1150,13,325,593
1151,16,325,590
1152,15,325,588
1153,16,324,641
1154,16,322,581
1155,13,313,878
1156,17,323,579
1157,13,323,584
1158,15,324,585
1159,12,324,586
1160,12,324,580
1161,12,324,587
1162,15,339,587
1163,11,338,575
1164,20,327,587
1165,11,325,586
1166,12,326,680
1167,18,314,753
1168,13,303,832
1169,11,318,746
1170,13,325,579
1171,16,325,667
1172,11,330,933
1173,12,325,587
1174,12,327,885
1175,11,330,892
1176,14,325,585
1177,17,325,659
1178,18,321,582
1179,15,318,591
1180,17,320,590
1181,16,321,607
1182,15,310,759
1183,16,305,845
1184,19,318,1022
1185,17,304,885
1186,18,301,759
1187,17,303,856
1188,19,313,1697
1189,16,336,2178
1190,14,320,632
1191,18,321,580
1192,14,321,582
1193,17,323,617
1194,18,315,735
1195,17,312,589
1196,11,325,591
1197,13,323,583
1198,11,322,579
1199,17,327,578
1200,11,353,642
1201,12,352,627
1202,15,345,485
1203,15,330,592
1204,17,341,565
1205,16,344,418
1206,13,346,463
1207,12,344,416
1208,11,343,417
1209,12,346,513
1210,12,344,418
1211,11,345,418
1212,17,346,456
1213,11,345,425
1214,16,328,660
1215,14,327,712
1216,14,327,672
1217,13,324,596
1218,13,325,597
1219,13,326,592
1220,18,325,603
1221,12,327,631
1222,12,323,902
1223,12,321,586
1224,17,321,584
1225,18,322,659
1226,17,326,588
1227,18,337,584
1228,15,325,590
1229,16,311,665
1230,17,308,649
1231,16,301,635
1232,16,299,592
1233,16,295,598
1234,15,297,630
1235,16,321,589
1236,16,325,632
1237,13,328,582
1238,20,323,846
1239,12,308,1096
1240,11,324,702
1241,10,324,595
1242,11,322,643
1243,10,320,633
1244,10,322,586
1245,10,319,587
1246,10,323,586
1247,10,324,590
1248,11,321,837
1249,10,334,1118
1250,18,332,628
1251,15,341,701
1252,12,324,613
1253,13,323,586
1254,13,322,586
1255,13,323,596
1256,14,322,585
1257,13,324,598
1258,13,324,585
1259,13,325,604
1260,13,309,751
1261,12,329,741
1262,13,326,590
1263,16,329,675
1264,17,324,591
1265,16,322,663
1266,17,323,600
1267,17,322,602
1268,15,317,745
1269,15,300,756
1270,13,328,746
1271,11,355,1285
1272,13,347,484
1273,12,346,425
1274,13,329,580
1275,12,323,586
1276,12,321,580
1277,19,323,598
1278,13,327,587
1279,12,325,594
1280,12,323,631
1281,11,321,584
1282,11,326,620
1283,11,323,585
1284,12,337,1334
1285,10,328,755
1286,18,325,598
1287,16,325,587
1288,17,331,660
1289,11,321,586
1290,13,322,621
1291,13,327,601
1292,11,342,1914
1293,11,325,581
1294,12,322,574
1295,13,325,655
1296,12,341,578
1297,11,346,517
1298,11,341,578
1299,11,323,730
1300,20,313,743
1301,17,322,589
1302,12,324,594
1303,15,324,654
1304,15,323,590
1305,15,323,588
1306,15,326,588
1307,15,324,600
1308,15,324,601
1309,15,324,593
1310,16,309,746
1311,15,324,572
1312,12,322,574
1313,11,338,1523
1314,12,324,577
1315,12,325,582
1316,11,327,579
1317,12,323,596
1318,11,332,732
1319,11,346,462
1320,15,347,425
1321,15,347,477
1322,16,345,440
1323,15,347,525
1324,15,344,418
1325,15,346,488
1326,15,329,582
1327,16,321,589
1328,16,321,582
1329,16,320,586
1330,17,323,588
1331,16,321,579
1332,16,325,579
1333,15,331,570
1334,15,323,568
1335,10,329,866
1336,9,326,587
1337,10,324,570
1338,11,324,574
1339,10,327,575
1340,15,327,594
1341,11,323,588
1342,17,322,584
1343,13,309,888
1344,14,329,862
1345,13,329,621
1346,18,311,903
1347,13,300,616
1348,16,297,626
1349,15,296,597
1350,12,297,580
1351,11,308,942
1352,10,302,672
1353,10,303,594
1354,11,305,597
1355,11,304,598
1356,10,304,595
1357,11,317,593
1358,14,327,590
1359,14,325,596
1360,11,321,740
1361,10,323,584
1362,12,325,585
1363,15,327,582
1364,11,323,679
1365,16,323,581
1366,12,335,616
1367,17,319,749
1368,13,326,643
1369,15,324,629
1370,21,323,597
1371,17,321,592
1372,17,324,587
1373,16,327,651
1374,17,326,704
1375,17,323,585
1376,19,323,588
1377,17,321,583
1378,19,323,673
1379,17,322,590
1380,18,329,656
1381,19,331,583
1382,18,345,425
1383,15,347,493
1384,16,343,420
1385,14,349,604
1386,14,346,418
1387,13,347,490
1388,14,347,505
1389,13,347,480
1390,15,348,431
1391,14,347,431
1392,16,346,424
1393,15,346,431
1394,15,335,600
1395,14,311,740
1396,13,300,605
1397,16,301,612
1398,14,302,608
1399,13,306,900
1400,14,308,882
1401,14,309,909
1402,14,307,870
1403,14,322,846
1404,14,312,869
1405,12,324,877
1406,14,328,665
1407,17,330,675
1408,17,328,608
1409,19,327,630
1410,18,328,647
1411,18,309,645
1412,18,322,867
1413,18,311,870
1414,15,332,623
1415,15,341,425
1416,15,347,483
1417,21,344,447
1418,16,347,477
1419,15,348,504
1420,15,353,1262
1421,15,304,591
1422,16,324,601
1423,15,325,598
1424,17,322,589
1425,17,322,588
1426,17,344,420
1427,17,346,427
1428,15,334,590
1429,16,312,925
1430,17,313,1044
1431,17,310,1070
1432,14,324,576
1433,17,324,587
1434,17,324,580
1435,16,325,589
1436,16,324,582
1437,15,324,592
1438,16,323,579
1439,15,327,667
1440,15,325,584
1441,16,324,581
1442,17,334,592
1443,16,300,858
1444,15,299,734
1445,11,299,741
1446,12,299,736
1447,11,299,744
1448,11,299,744
1449,17,298,735
1450,18,299,736
1451,11,299,738
1452,17,303,738
1453,19,324,590
1454,12,328,599
1455,12,328,676
1456,14,308,878
1457,9,300,640
1458,11,320,618
1459,11,327,583
1460,11,336,1204
1461,11,323,586
1462,15,319,753
1463,16,330,583
1464,14,347,589
1465,15,344,625
1466,16,324,604
1467,15,327,645
1468,11,326,594
1469,12,325,581
1470,18,323,586
1471,19,323,587
1472,12,323,580
1473,13,325,589
1474,12,322,582
1475,11,324,596
1476,16,347,1059
1477,13,344,426
1478,15,330,580
1479,16,325,580
1480,11,319,589
1481,19,306,587
1482,12,310,765
1483,15,323,594
1484,10,322,590
1485,11,322,584
1486,14,322,618
1487,10,323,581
1488,10,322,579
1489,11,322,597
1490,12,330,605
1491,18,345,418
1492,15,346,465
1493,15,344,416
1494,15,345,417
1495,13,344,428
1496,15,343,421
1497,14,344,419
1498,14,344,416
1499,12,343,419
1500,13,374,513
1501,14,365,499
1502,16,348,906
1503,14,344,486
1504,13,344,536
1505,15,343,422
1506,14,346,503
1507,15,351,973
1508,14,350,693
1509,14,356,1221
1510,13,347,435
1511,14,349,490
1512,13,345,421
1513,15,342,564
1514,14,327,639
1515,11,324,606
1516,11,325,652
1517,11,316,644
1518,11,318,682
1519,11,315,704
1520,11,316,602
1521,11,316,595
1522,13,336,684
1523,10,339,755
1524,12,322,888
1525,16,323,593
1526,11,319,661
1527,12,322,622
1528,15,320,589
1529,11,322,638
1530,16,338,635
1531,11,350,624
1532,13,345,492
1533,11,333,591
1534,13,332,584
1535,19,343,586
1536,14,325,591
1537,11,336,588
1538,12,318,746
1539,17,318,738
1540,12,325,580
1541,14,313,869
1542,14,323,740
1543,13,326,585
1544,12,326,594
1545,12,324,586
1546,12,326,588
1547,12,325,590
1548,13,327,600
1549,11,326,594
1550,12,327,590
1551,15,326,620
1552,11,323,593
1553,11,324,744
1554,13,302,748
1555,12,304,971
1556,13,299,752
1557,13,318,864
1558,12,349,600
1559,14,347,470
1560,15,326,591
1561,15,321,586
1562,15,321,593
1563,14,322,585
1564,14,323,596
1565,14,325,590
1566,14,313,737
1567,13,301,758
1568,10,299,750
1569,10,324,988
1570,10,314,921
1571,19,319,878
1572,11,327,600
1573,13,329,909
1574,13,296,656
1575,16,309,655
1576,13,301,868
1577,15,307,882
1578,14,311,890
1579,12,316,999
1580,14,309,873
1581,11,301,752
1582,14,324,757
1583,15,324,582
1584,17,324,576
1585,17,325,590
1586,15,339,581
1587,16,324,748
1588,14,299,746
1589,16,321,743
1590,16,326,572
1591,15,303,598
1592,15,301,589
1593,16,301,642
1594,17,301,596
1595,16,300,590
1596,20,301,598
1597,17,325,640
1598,18,326,680
1599,22,323,605
1600,22,331,596
1601,18,349,491
1602,16,346,416
1603,19,346,489
1604,17,346,456
1605,20,331,596
1606,16,345,478
1607,16,345,492
1608,15,346,487
1609,14,344,420
1610,14,347,459
1611,14,327,572
1612,14,325,571
1613,15,325,576
1614,15,323,570
1615,14,322,571
1616,17,323,568
1617,15,324,652
1618,16,325,573
1619,14,315,953
1620,13,313,745
1621,11,325,586
1622,12,329,682
1623,13,334,1364
1624,14,328,603
1625,14,328,743
1626,13,316,953
1627,13,333,636
1628,14,323,574
1629,15,316,567
1630,16,316,579
1631,15,322,676
1632,16,320,583
1633,15,323,608
1634,16,317,852
1635,16,326,1048
1636,16,327,698
1637,10,322,649
1638,14,318,580
1639,13,319,581
1640,15,338,434
1641,15,360,1301
1642,17,323,585
1643,15,324,658
1644,17,327,596
1645,16,327,707
1646,12,340,872
1647,10,322,596
1648,15,325,599
1649,11,325,590
1650,13,323,592
1651,12,325,640
1652,13,322,597
1653,12,320,756
1654,15,317,745
1655,14,329,590
1656,13,339,579
1657,14,345,418
1658,17,347,457
1659,17,347,478
1660,14,344,428
1661,15,344,505
1662,16,346,426
1663,12,343,454
1664,18,344,508
1665,13,345,441
1666,13,345,423
1667,13,343,590
1668,18,311,621
1669,13,302,600
1670,16,305,593
1671,17,301,623
1672,16,301,609
1673,16,301,645
1674,16,301,626
1675,16,302,647
1676,16,300,590
1677,17,301,581
1678,17,305,646
1679,16,304,590
1680,17,305,593
1681,17,323,607
1682,18,312,1000
1683,16,308,643
1684,15,300,633
1685,10,297,636
1686,13,291,581
1687,13,293,590
1688,11,295,575
1689,10,294,583
1690,10,294,579
1691,10,296,588
1692,10,299,720
1693,12,302,696
1694,11,304,675
1695,10,308,594
1696,11,318,892
1697,14,322,884
1698,11,322,580
1699,12,322,583
1700,15,322,586
1701,11,323,585
1702,16,326,615
1703,13,328,590
1704,13,324,584
1705,16,326,593
1706,22,324,637
1707,16,323,590
1708,14,324,663
1709,13,344,661
1710,14,346,423
1711,13,344,421
1712,15,341,592
1713,16,323,585
1714,16,337,569
1715,15,327,605
1716,19,323,592
1717,18,336,592
1718,17,345,466
1719,15,343,415
1720,16,341,578
1721,16,324,633
1722,12,344,588
1723,18,345,424
1724,15,343,425
1725,15,344,444
1726,15,345,543
1727,14,343,420
1728,15,343,473
1729,14,350,469
1730,17,343,427
1731,16,344,422
1732,15,345,417
1733,15,343,418
1734,16,344,419
1735,15,346,422
1736,16,349,429
1737,15,352,466
1738,17,353,474
1739,16,356,476
1740,16,368,996
1741,14,357,556
1742,15,347,481
1743,15,338,456
1744,15,338,463
1745,16,351,529
1746,16,343,476
1747,11,342,535
1748,15,346,515
1749,14,345,509
1750,17,344,477
1751,15,347,608
1752,15,343,432
1753,14,345,478
1754,20,344,468
1755,16,341,490
1756,15,344,468
1757,15,345,427
1758,14,343,417
1759,13,348,530
1760,13,346,1561
1761,14,329,1069
1762,15,327,651
1763,11,331,591
1764,12,340,576
1765,16,335,562
1766,20,324,590
1767,12,320,592
1768,13,322,594
1769,12,322,590
1770,14,326,592
1771,12,339,583
1772,13,345,424
1773,15,345,419
1774,16,346,478
1775,20,345,417
1776,15,347,491
1777,17,347,541
1778,17,345,420
1779,17,345,415
1780,13,345,416
1781,13,327,571
1782,16,334,1689
1783,11,324,588
1784,16,332,591
1785,18,344,482
1786,16,344,418
1787,15,344,478
1788,15,344,468
1789,16,345,498
1790,16,345,425
1791,15,346,443
1792,15,348,493
1793,15,350,551
1794,16,352,506
1795,14,360,977
1796,14,347,608
1797,15,315,608
1798,17,322,627
1799,16,322,636
1800,15,346,646
1801,16,329,639
1802,19,323,629
1803,14,327,582
1804,15,318,661
1805,15,320,576
1806,14,320,570
1807,14,321,582
1808,15,322,665
1809,14,321,578
1810,15,325,628
1811,14,345,645
1812,16,341,424
1813,22,342,474
1814,16,336,581
1815,15,324,601
1816,12,344,2297
1817,13,326,888
1818,15,324,586
1819,12,322,586
1820,13,321,584
1821,13,322,581
1822,13,328,648
1823,14,340,576
1824,18,345,577
1825,11,324,602
1826,17,324,590
1827,13,325,576
1828,15,325,581
1829,13,324,580
1830,13,326,705
1831,13,326,892
1832,13,321,588
1833,14,322,589
1834,17,320,581
1835,14,322,595
1836,17,321,593
1837,13,328,919
1838,17,320,597
1839,18,320,637
1840,14,324,668
1841,14,326,589
1842,18,321,586
1843,14,320,581
1844,14,314,868
1845,14,313,897
1846,14,327,629
1847,16,323,575
1848,15,323,573
1849,16,324,583
1850,16,323,582
1851,16,326,590
1852,17,326,594
1853,16,329,638
1854,15,326,591
1855,17,326,591
1856,16,326,712
1857,17,322,588
1858,17,321,592
1859,17,326,859
1860,13,322,575
1861,19,327,914
1862,15,324,909
1863,14,305,883
1864,16,303,887
1865,12,304,669
1866,14,305,622
1867,18,302,601
1868,16,304,600
1869,17,304,598
1870,19,304,592
1871,17,303,596
1872,18,307,606
1873,18,318,859
1874,20,324,587
1875,10,313,870
1876,11,307,743
1877,13,323,576
1878,22,322,582
1879,15,322,627
1880,21,323,634
1881,16,323,639
1882,18,333,658
1883,18,349,481
1884,15,349,504
1885,19,350,573
1886,17,324,586
1887,16,321,592
1888,15,322,653
1889,14,322,659
1890,15,320,737
1891,15,297,741
1892,15,324,744
1893,15,320,574
1894,14,322,571
1895,15,323,575
1896,16,321,582
1897,17,323,586
1898,16,322,614
1899,15,324,661
1900,14,339,599
1901,17,348,472
1902,14,347,432
1903,15,348,457
1904,15,348,506
1905,14,348,472
1906,16,332,654
1907,15,330,904
1908,12,326,680
1909,17,325,585
1910,18,324,629
1911,17,327,1068
1912,17,320,595
1913,16,320,647
1914,15,324,677
1915,18,345,912
1916,15,338,547
1917,14,340,470
1918,15,347,506
1919,14,355,1218
1920,20,336,598
1921,15,325,854
1922,19,324,568
1923,13,325,581
1924,12,328,706
1925,13,324,591
1926,13,324,577
1927,12,325,589
1928,14,324,579
1929,13,328,898
1930,13,325,648
1931,13,329,706
1932,13,326,862
1933,13,319,746
1934,13,301,588
1935,16,301,588
1936,19,302,581
1937,12,302,645
1938,13,303,606
1939,13,300,596
1940,13,317,589
1941,16,323,605
1942,18,327,594
1943,14,327,592
1944,14,344,419
1945,15,347,572
1946,14,345,423
1947,14,324,583
1948,14,333,583
1949,12,345,421
1950,12,345,500
1951,14,346,427
1952,12,345,487
1953,11,344,421
1954,12,339,595
1955,15,344,575
1956,16,324,583
1957,12,325,593
1958,12,321,581
1959,14,321,574
1960,13,320,602
1961,13,326,598
1962,11,324,587
1963,14,325,581
1964,11,326,582
1965,15,329,594
1966,13,327,582
1967,12,327,582
1968,13,330,629
1969,12,335,594
1970,15,347,437
1971,16,350,482
1972,16,347,450
1973,15,347,461
1974,14,347,446
1975,15,348,463
1976,17,345,432
1977,15,344,428
1978,16,345,454
1979,15,346,420
1980,15,347,498
1981,16,346,488
1982,16,346,535
1983,14,349,529
1984,16,345,524
1985,14,351,950
1986,12,344,470
1987,17,336,584
1988,11,323,738
1989,13,342,422
1990,17,347,509
1991,15,345,454
1992,16,344,426
1993,15,343,562
1994,16,321,593
1995,15,323,738
1996,12,307,594
1997,13,303,594
1998,12,302,590
1999,13,302,580
2000,12,319,655
2001,12,324,584
2002,16,339,584
2003,16,328,582
2004,16,307,874
2005,17,342,579
2006,12,342,423
2007,14,345,417
2008,17,345,486
2009,12,343,460
2010,11,346,422
2011,12,348,425
2012,12,345,425
2013,12,345,427
2014,12,345,422
2015,13,343,425
2016,16,350,635
2017,14,346,471
2018,14,348,472
2019,12,350,496
2020,13,354,484
2021,13,360,905
2022,11,332,598
2023,13,326,619
2024,13,317,574
2025,13,310,580
2026,13,314,579
2027,13,316,570
2028,12,314,602
2029,13,316,580
2030,12,317,598
2031,12,326,584
2032,12,335,702
2033,15,330,642
2034,13,327,586
2035,12,326,590
2036,12,322,588
2037,15,322,579
2038,15,325,580
2039,16,321,582
2040,15,322,584
2041,15,322,575
2042,15,324,585
2043,15,325,580
2044,15,328,591
2045,14,327,584
2046,16,322,582
2047,15,324,578
2048,14,322,583
2049,15,324,581
2050,20,329,626
2051,17,345,586
2052,13,344,491
2053,15,345,500
2054,17,334,587
2055,14,333,578
2056,14,344,485
2057,16,347,478
2058,18,344,468
2059,15,345,424
2060,15,346,490
2061,16,347,483
2062,18,346,417
2063,20,341,424
2064,16,329,590
2065,13,337,591
2066,17,333,586
2067,20,325,641
2068,17,323,584
2069,17,325,596
2070,17,322,591
2071,16,321,582
2072,16,318,734
2073,16,298,746
2074,18,299,752
2075,16,301,746
2076,18,304,750
2077,16,303,743
2078,17,306,929
2079,19,305,895
2080,18,326,948
2081,18,323,898
2082,19,312,887
2083,17,319,889
2084,14,323,580
2085,13,319,668
2086,14,323,664
2087,13,329,724
2088,13,328,590
2089,14,324,592
2090,14,327,580
2091,14,330,706
2092,14,327,695
2093,13,345,2084
2094,18,325,578
2095,15,333,1231
2096,14,329,926
2097,12,328,657
2098,14,318,863
2099,16,303,597
2100,13,323,679
2101,11,320,654
2102,13,322,578
2103,19,323,579
2104,12,325,580
2105,11,341,574
2106,12,325,584
2107,12,324,584
2108,13,325,668
2109,13,327,838
2110,13,323,637
2111,13,325,599
2112,13,323,640
2113,16,322,587
2114,15,332,588
2115,14,337,580
2116,15,320,587
2117,16,322,597
2118,16,321,588
2119,16,321,586
2120,15,320,582
2121,16,326,900
2122,21,324,664
2123,14,316,902
2124,17,320,954
2125,19,319,884
2126,19,323,597
2127,16,323,586
2128,18,323,583
2129,16,326,647
2130,17,328,644
2131,17,325,607
2132,17,322,587
2133,16,330,589
2134,18,324,583
2135,16,323,627
2136,17,326,663
2137,16,334,1243
2138,11,324,596
2139,17,322,598
2140,16,317,593
2141,23,329,589
2142,22,321,590
2143,20,316,565
2144,15,339,692
2145,14,343,583
2146,20,338,579
2147,19,344,471
2148,16,347,558
2149,16,342,482
2150,15,343,425
2151,15,346,621
2152,16,341,506
2153,15,348,629
2154,14,344,478
2155,15,345,432
2156,15,345,520
2157,14,352,540
2158,14,344,497
2159,16,335,642
2160,16,320,847
2161,17,322,584
2162,18,338,582
2163,14,344,424
2164,11,345,450
2165,14,345,491
2166,12,346,419
2167,15,345,414
2168,11,345,419
2169,12,344,414
2170,13,345,423
2171,11,345,498
2172,12,346,497
2173,16,339,585
2174,15,328,581
2175,15,347,483
2176,15,348,500
2177,15,345,486
2178,16,345,532
2179,16,335,587
2180,15,345,458
2181,14,347,488
2182,16,332,587
2183,15,320,588
2184,16,321,585
2185,13,328,588
2186,14,342,578
2187,15,324,631
2188,14,321,587
2189,14,322,588
2190,13,325,582
2191,15,326,577
2192,15,323,586
2193,13,329,634
2194,14,327,644
2195,17,323,578
2196,15,327,582
2197,15,322,664
2198,15,315,598
2199,17,316,583
2200,15,325,583
2201,15,329,1662
2202,14,313,853
2203,11,331,969
2204,13,325,578
2205,11,330,588
2206,12,347,916
2207,14,336,646
2208,17,326,593
2209,17,331,587
2210,13,322,595
2211,12,329,586
2212,13,325,599
2213,11,303,593
2214,16,303,592
2215,16,301,588
2216,16,311,749
2217,16,301,748
2218,14,318,747
2219,13,329,595
2220,15,327,587
2221,15,325,593
2222,15,335,592
2223,15,346,550
2224,17,342,505
2225,16,346,490
2226,11,346,475
2227,12,333,961
2228,15,345,425
2229,15,337,579
2230,15,323,579
2231,15,321,576
2232,17,322,582
2233,16,322,583
2234,17,326,692
2235,17,302,748
2236,17,299,759
2237,18,301,760
2238,18,301,756
2239,18,313,960
2240,18,320,584
2241,12,335,595
2242,14,328,588
2243,17,322,580
2244,11,324,580
2245,11,325,595
2246,11,364,1279
2247,12,323,583
2248,13,326,595
2249,13,328,672
2250,12,323,592
2251,14,324,585
2252,14,324,599
2253,15,316,633
2254,14,315,583
2255,12,313,611
2256,12,338,434
2257,14,338,426
2258,13,343,546
2259,11,322,710
2260,12,311,632
2261,15,318,681
2262,13,321,577
2263,14,321,576
2264,15,321,584
2265,14,322,582
2266,15,324,640
2267,15,326,587
2268,14,326,594
2269,14,325,581
2270,13,324,581
2271,14,321,593
2272,14,322,744
2273,9,324,583
2274,14,327,581
2275,13,337,594
2276,16,346,425
2277,12,348,489
2278,11,346,513
2279,12,346,441
2280,13,345,416
2281,14,347,432
2282,15,347,453
2283,12,347,499
2284,12,346,419
2285,14,347,425
2286,12,346,416
2287,14,346,509
2288,11,345,449
2289,17,349,504
2290,14,329,590
2291,17,324,587
2292,14,323,580
2293,14,322,583
2294,13,323,587
2295,14,325,605
2296,14,322,664
2297,14,323,591
2298,14,324,591
2299,18,322,640
2300,15,323,664
2301,15,323,604
2302,18,323,588
2303,14,342,581
2304,17,322,572
2305,16,324,572
2306,16,319,577
2307,16,304,589
2308,13,304,712
2309,12,305,874
2310,13,302,588
2311,14,302,585
2312,14,297,591
2313,14,293,573
2314,14,295,594
2315,13,298,583
2316,13,304,695
2317,12,301,676
2318,12,303,598
2319,12,303,649
2320,13,309,628
2321,12,320,591
2322,14,320,848
2323,16,322,755
2324,13,333,1220
2325,18,332,893
2326,13,320,735
2327,13,301,820
2328,10,300,746
2329,9,300,745
2330,17,321,735
2331,10,347,598
2332,11,339,577
2333,14,348,484
2334,14,335,583
2335,15,325,584
2336,15,325,586
2337,15,319,750
2338,17,328,570
2339,17,324,584
2340,16,326,594
2341,18,322,578
2342,15,321,578
2343,15,323,584
2344,16,325,582
2345,16,323,582
2346,17,324,637
2347,16,324,594
2348,15,325,673
2349,17,326,604
2350,18,326,894
2351,17,327,592
2352,19,327,586
2353,15,326,580
2354,14,327,638
2355,15,322,593
2356,16,323,590
2357,15,321,585
2358,15,322,592
2359,15,321,587
2360,15,319,579
2361,14,322,580
2362,16,323,579
2363,16,326,589
2364,16,330,973
2365,17,326,599
2366,18,337,581
2367,18,346,464
2368,15,342,532
2369,14,337,502
2370,16,341,580
2371,14,326,594
2372,13,314,762
2373,13,317,881
2374,14,320,895
2375,13,323,744
2376,14,320,581
2377,15,323,657
2378,17,323,576
2379,15,325,586
2380,15,322,584
2381,14,322,580
2382,15,322,583
2383,14,321,577
2384,15,329,590
2385,14,331,596
2386,18,321,582
2387,16,324,638
2388,13,322,660
2389,13,314,746
2390,13,324,581
2391,14,323,588
2392,11,323,666
2393,13,323,590
2394,12,324,590
2395,12,328,593
2396,10,347,428
2397,11,346,474
2398,13,335,580
2399,12,337,582
2400,14,366,621
2401,14,333,635
2402,23,324,591
2403,14,324,585
2404,16,324,584
2405,14,324,588
2406,14,324,585
2407,14,326,594
2408,15,330,583
2409,15,340,573
2410,16,341,586
2411,12,351,486
2412,12,348,428
2413,12,344,494
2414,12,330,582
2415,14,325,580
2416,12,328,641
2417,11,336,1104
2418,12,342,596
2419,13,337,576
2420,14,329,604
2421,13,321,598
2422,13,328,1157
2423,17,319,582
2424,19,318,586
2425,11,317,641
2426,12,321,743
2427,13,326,578
2428,12,328,586
2429,11,335,1266
2430,11,327,586
2431,11,328,834
2432,11,332,608
2433,11,346,647
2434,13,325,580
2435,15,338,1666
2436,12,319,579
2437,13,319,589
2438,13,320,677
2439,14,320,592
2440,13,322,661
2441,13,323,596
2442,17,305,734
2443,14,310,596
2444,13,307,674
2445,14,303,591
2446,16,307,736
2447,16,324,595
2448,14,323,582
2449,13,330,588
2450,13,344,413
2451,15,344,418
2452,15,345,418
2453,16,344,422
2454,15,346,621
2455,15,345,454
2456,15,345,420
2457,14,344,416
2458,14,339,579
2459,14,325,653
2460,15,324,584
2461,14,322,581
2462,15,323,648
2463,16,322,658
2464,14,326,595
2465,15,323,580
2466,15,327,605
2467,15,320,580
2468,15,322,575
2469,15,322,635
2470,14,322,584
2471,15,302,584
2472,15,303,598
2473,15,305,656
2474,16,315,661
2475,16,327,729
2476,12,334,628
2477,13,334,637
2478,14,326,730
2479,15,322,576
2480,14,329,636
2481,13,326,879
2482,15,322,580
2483,14,327,591
2484,10,327,832
2485,10,326,873
2486,11,322,605
2487,10,323,608
2488,9,326,671
2489,10,321,598
2490,10,304,861
2491,11,299,748
2492,10,321,750
2493,13,325,825
2494,12,345,1465
2495,12,330,584
2496,19,323,679
2497,15,325,595
2498,15,323,585
2499,17,324,586
2500,14,324,589
2501,18,340,580
2502,14,345,417
2503,16,347,601
2504,15,345,416
2505,15,345,419
2506,15,349,491
2507,13,349,462
2508,14,346,418
2509,14,346,432
2510,14,347,532
2511,13,346,506
2512,15,345,496
2513,13,344,476
2514,14,327,577
2515,15,322,572
2516,12,324,664
2517,10,322,569
2518,10,321,580
2519,10,323,574
2520,9,323,586
2521,9,324,660
2522,10,314,748
2523,10,299,739
2524,12,300,760
2525,14,301,758
2526,11,300,752
2527,11,299,749
2528,11,326,900
2529,11,349,1159
2530,16,351,431
2531,15,357,689
2532,16,353,1489
2533,16,330,627
2534,12,346,558
2535,13,324,568
2536,10,323,635
2537,15,318,566
2538,9,315,602
2539,9,316,625
2540,10,315,654
2541,10,318,594
2542,12,333,861
2543,12,347,464
2544,13,345,512
2545,15,344,901
2546,15,334,574
2547,15,321,662
2548,13,318,731
2549,13,325,728
2550,16,300,860
2551,16,335,586
2552,14,320,738
2553,15,325,592
2554,17,327,668
2555,17,322,732
2556,16,322,584
2557,16,323,588
2558,14,323,586
2559,13,323,590
2560,15,338,576
2561,15,335,647
2562,16,340,576
2563,15,345,422
2564,14,347,504
2565,14,344,450
2566,14,344,418
2567,15,343,416
2568,16,346,571
2569,15,343,417
2570,17,350,458
2571,13,345,420
2572,13,332,590
2573,14,321,586
2574,15,322,582
2575,15,320,589
2576,14,332,595
2577,14,347,428
2578,15,344,463
2579,14,345,500
2580,14,347,458
2581,14,345,424
2582,13,342,418
2583,14,346,457
2584,14,345,421
2585,12,347,465
2586,14,348,460
2587,13,351,566
2588,14,346,435
2589,14,345,465
2590,15,351,549
2591,12,348,488
2592,15,347,517
2593,20,345,555
2594,14,327,579
2595,10,326,720
2596,10,326,648
2597,12,324,611
2598,11,325,608
2599,11,324,594
2600,16,324,601
2601,11,324,602
2602,12,335,590
2603,11,337,562
2604,13,321,882
2605,11,326,587
2606,15,308,752
2607,12,325,607
2608,17,306,854
2609,18,322,584
2610,13,318,995
2611,16,326,577
2612,16,316,742
2613,17,322,754
2614,15,323,591
2615,12,322,598
2616,13,322,586
2617,13,325,728
2618,15,326,596
2619,13,322,602
2620,13,319,746
2621,15,334,587
2622,15,346,416
2623,14,329,578
2624,14,328,586
2625,17,318,854
2626,13,322,582
2627,16,324,580
2628,16,321,581
2629,17,322,587
2630,17,321,587
2631,17,301,745
2632,16,301,761
2633,10,299,747
2634,12,302,851
2635,11,305,820
2636,11,328,583
2637,10,324,581
2638,12,326,742
2639,12,324,600
2640,16,338,594
2641,12,348,462
2642,16,348,476
2643,15,347,423
2644,15,348,430
2645,15,348,430
2646,20,347,498
2647,15,347,430
2648,17,349,471
2649,15,352,602
2650,21,352,495
2651,15,351,434
2652,15,338,583
2653,14,301,584
2654,16,316,591
2655,16,331,571
2656,16,348,552
2657,15,345,476
2658,18,344,511
2659,16,344,421
2660,15,346,496
2661,17,341,429
2662,16,332,584
2663,15,321,581
2664,12,324,685
2665,12,306,658
2666,12,322,626
2667,12,344,432
2668,15,330,570
2669,15,327,664
2670,16,321,586
2671,16,318,594
2672,14,314,672
2673,13,320,879
2674,14,320,579
2675,12,324,573
2676,11,323,578
2677,11,322,583
2678,12,324,585
2679,11,323,579
2680,12,321,596
2681,13,338,582
2682,22,343,471
2683,14,345,491
2684,11,345,423
2685,13,345,419
2686,14,347,432
2687,16,344,423
2688,18,343,416
2689,12,343,425
2690,13,343,425
2691,14,342,463
2692,12,343,420
2693,13,343,421
2694,11,343,422
2695,12,343,425
2696,12,344,426
2697,14,344,463
2698,13,347,498
2699,13,351,496
2700,13,391,1276
2701,12,365,529
2702,15,346,474
2703,11,346,482
2704,12,342,506
2705,11,341,562
2706,11,321,585
2707,15,326,623
2708,12,317,583
2709,12,317,594
2710,13,323,897
2711,13,338,882
2712,13,324,623
2713,12,325,585
2714,13,339,633
2715,13,345,417
2716,16,357,930
2717,15,346,531
2718,16,341,430
2719,15,345,543
2720,15,338,1116
2721,15,323,648
2722,16,321,717
2723,14,334,1047
2724,10,323,574
2725,15,304,1045
2726,10,314,897
2727,13,323,594
2728,14,338,581
2729,18,344,420
2730,15,347,479
2731,14,348,489
2732,15,348,534
2733,16,345,434
2734,16,331,583
2735,13,324,588
2736,15,321,579
2737,16,331,583
2738,15,343,414
2739,14,342,416
2740,14,339,568
2741,15,320,584
2742,14,321,582
2743,16,319,596
2744,15,320,581
2745,17,321,586
2746,16,327,696
2747,13,321,598
2748,13,324,590
2749,13,324,583
2750,14,344,494
2751,13,345,432
2752,14,348,477
2753,14,336,905
2754,14,342,579
2755,18,348,429
2756,16,348,497
2757,15,344,432
2758,15,351,469
2759,16,348,458
2760,15,347,609
2761,17,343,496
2762,15,346,473
2763,15,342,524
2764,16,352,542
2765,15,345,490
2766,15,347,522
2767,16,339,594
2768,16,349,672
2769,11,345,427
2770,12,347,494
2771,11,345,478
2772,12,340,448
2773,15,340,620
2774,11,339,503
2775,12,337,1367
2776,13,321,587
2777,11,324,597
2778,11,324,606
2779,10,345,576
2780,13,344,412
2781,12,343,595
2782,11,326,588
2783,15,339,583
2784,13,343,413
2785,15,333,582
2786,16,323,585
2787,15,322,634
2788,17,332,592
2789,17,346,447
2790,15,344,456
2791,15,346,604
2792,16,334,577
2793,15,326,580
2794,19,324,649
2795,16,323,575
2796,15,321,578
2797,15,323,580
2798,15,321,587
2799,15,303,585
2800,16,298,582
2801,15,308,965
2802,15,323,888
2803,12,323,587
2804,14,321,581
2805,13,317,576
2806,14,321,579
2807,13,319,582
2808,15,321,577
2809,15,325,583
2810,15,323,585
2811,15,322,581
2812,16,321,581
2813,14,324,582
2814,15,330,1075
2815,14,336,1054
2816,14,353,848
2817,15,339,494
2818,15,332,486
2819,14,342,479
2820,15,341,431
2821,13,342,448
2822,16,339,458
2823,17,343,434
2824,15,343,559
2825,20,344,448
2826,15,345,428
2827,15,346,532
2828,15,345,542
2829,14,343,578
2830,15,311,866
2831,16,321,808
2832,11,325,703
2833,9,318,852
2834,11,334,585
2835,13,327,587
2836,16,326,583
2837,14,324,581
2838,15,324,582
2839,14,323,578
2840,14,324,581
2841,14,324,583
2842,16,342,579
2843,14,340,580
2844,15,324,578
2845,16,315,655
2846,19,316,1051
2847,14,324,626
2848,10,322,586
2849,12,327,864
2850,13,323,578
2851,12,323,582
2852,11,323,585
2853,13,321,581
2854,13,321,582
2855,16,321,580
2856,13,321,580
2857,13,322,578
2858,14,320,570
2859,13,319,581
2860,14,306,647
2861,12,301,741
2862,13,299,746
2863,13,316,880
2864,13,325,594
2865,12,322,584
2866,15,322,583
2867,14,338,581
2868,15,346,462
2869,15,346,483
2870,16,347,425
2871,15,351,499
2872,17,356,473
2873,15,348,483
2874,16,347,472
2875,16,342,666
2876,16,334,458
2877,15,336,598
2878,16,306,904
2879,15,294,1029
2880,13,292,1042
2881,15,306,676
2882,14,323,687
2883,16,330,847
2884,15,332,1264
2885,19,340,443
2886,15,344,661
2887,16,321,573
2888,14,320,582
2889,13,323,687
2890,13,326,593
2891,17,323,600
2892,13,302,597
2893,17,309,670
2894,17,347,572
2895,13,345,480
2896,16,344,471
2897,15,324,617
2898,17,324,863
2899,11,327,581
2900,15,345,422
2901,16,344,420
2902,15,342,420
2903,16,335,658
2904,12,344,429
2905,15,342,574
2906,16,323,577
2907,16,325,578
2908,15,322,573
2909,16,325,638
2910,15,323,575
2911,16,335,662
2912,16,322,583
2913,16,322,614
2914,17,325,663
2915,15,320,579
2916,16,318,577
2917,15,321,584
2918,15,320,577
2919,15,321,584
2920,17,309,738
2921,15,299,740
2922,16,303,969
2923,17,299,739
2924,17,298,743
2925,17,318,748
2926,18,328,657
2927,16,323,592
2928,14,325,603
2929,14,348,539
2930,16,345,502
2931,14,346,507
2932,14,346,537
2933,13,344,425
2934,14,344,433
2935,14,347,515
2936,13,346,467
2937,14,349,573
2938,14,348,430
2939,13,346,422
2940,13,347,544
2941,20,346,515
2942,10,337,1010
2943,14,323,696
2944,10,312,622
2945,12,330,619
2946,20,324,590
2947,15,332,1100
2948,16,323,591
2949,17,321,590
2950,17,322,591
2951,16,325,591
2952,17,325,671
2953,17,326,660
2954,17,325,582
2955,15,330,580
2956,15,332,582
2957,17,326,587
2958,17,323,589
2959,21,328,601
2960,17,342,578
2961,15,348,523
2962,13,338,654
2963,12,322,597
2964,11,322,590
2965,12,342,418
2966,13,324,583
2967,12,323,588
2968,16,327,891
2969,15,325,590
2970,15,326,589
2971,13,325,592
2972,13,323,754
2973,13,325,596
2974,17,325,606
2975,14,324,593
2976,12,324,585
2977,13,326,592
2978,13,324,595
2979,13,321,602
2980,12,316,740
2981,13,301,737
2982,15,300,753
2983,13,302,752
2984,12,302,758
2985,16,306,887
2986,12,304,760
2987,13,326,878
2988,13,328,591
2989,13,330,592
2990,15,321,574
2991,14,319,638
2992,15,318,842
2993,14,332,601
2994,15,347,520
2995,11,327,662
2996,11,321,682
2997,14,321,619
2998,13,325,712
2999,13,322,598
3000,13,349,912
3001,16,333,638
3002,16,323,596
3003,13,323,598
3004,12,326,589
3005,14,338,692
3006,13,347,530
3007,15,337,1292
3008,15,334,1627
3009,12,326,596
3010,15,325,592
3011,18,322,588
3012,16,322,596
3013,16,323,598
3014,15,322,591
3015,15,323,582
3016,12,322,627
3017,11,322,588
3018,12,332,637
3019,11,345,462
3020,11,347,473
3021,17,309,1054
3022,15,328,587
3023,20,341,558
3024,14,324,572
3025,16,321,566
3026,15,322,568
3027,13,322,576
3028,12,323,571
3029,12,322,573
3030,11,322,562
3031,13,322,589
3032,13,323,586
3033,13,325,593
3034,14,342,595
3035,16,347,427
3036,17,348,441
3037,15,347,504
3038,15,350,474
3039,15,350,494
3040,14,351,589
3041,15,346,620
3042,18,348,496
3043,14,352,471
3044,14,345,464
3045,15,348,875
3046,14,342,453
3047,13,340,494
3048,13,343,572
3049,13,323,587
3050,15,319,584
3051,14,324,586
3052,14,328,584
3053,14,325,582
3054,14,329,580
3055,14,327,587
3056,23,320,585
3057,15,324,582
3058,15,324,581
3059,14,321,577
3060,14,319,578
3061,15,323,580
3062,15,324,578
3063,14,323,580
3064,21,322,575
3065,16,323,582
3066,15,327,577
3067,14,325,577
3068,14,332,580
3069,15,321,661
3070,17,327,566
3071,10,327,569
3072,11,324,571
3073,10,329,673
3074,11,322,585
3075,9,335,577
3076,11,346,524
3077,11,345,423
3078,13,344,412
3079,12,345,496
3080,13,326,582
3081,12,342,573
3082,13,347,564
3083,20,323,573
3084,15,322,569
3085,15,328,592
3086,16,322,580
3087,17,322,655
3088,16,320,592
3089,16,324,666
3090,19,325,683
3091,16,325,628
3092,15,322,597
3093,14,324,599
3094,15,325,597
3095,14,325,679
3096,15,331,598
3097,14,328,604
3098,16,325,632
3099,18,350,615
3100,15,355,528
3101,14,346,527
3102,15,317,930
3103,14,329,586
3104,10,323,590
3105,13,325,583
3106,13,324,579
3107,12,321,661
3108,13,323,675
3109,15,325,579
3110,12,324,652
3111,12,321,577
3112,12,319,605
3113,15,321,620
3114,14,324,653
3115,13,325,585
3116,19,325,592
3117,12,331,586
3118,18,325,583
3119,15,325,710
3120,16,319,592
3121,16,315,584
3122,13,307,585
3123,13,320,586
3124,14,314,870
3125,14,317,874
3126,14,322,587
3127,17,322,678
3128,17,323,587
3129,15,342,589
3130,18,347,432
3131,17,346,423
3132,16,347,508
3133,16,348,422
3134,16,331,565
3135,14,332,607
3136,12,346,481
3137,12,322,581
3138,12,323,588
3139,12,325,575
3140,12,323,586
3141,11,320,869
3142,13,321,593
3143,17,324,877
3144,12,325,591
3145,15,313,734
3146,15,306,738
3147,16,322,565
3148,15,326,572
3149,14,324,578
3150,11,330,588
3151,16,325,585
3152,12,322,576
3153,12,325,648
3154,13,327,582
3155,12,329,611
3156,13,326,658
3157,13,323,605
3158,15,318,662
3159,15,317,597
3160,13,296,589
3161,12,311,625
3162,14,323,1005
3163,16,317,616
3164,15,315,860
3165,17,329,595
3166,12,325,573
3167,13,323,575
3168,17,322,576
3169,14,322,572
3170,12,325,703
3171,13,321,693
3172,12,309,864
3173,13,303,861
3174,14,301,746
3175,13,300,742
3176,14,301,747
3177,13,305,975
3178,15,300,745
3179,13,301,754
3180,13,309,742
3181,14,323,589
3182,16,323,588
3183,17,322,582
3184,17,321,603
3185,16,303,594
3186,17,328,588
3187,16,346,423
3188,16,344,535
3189,16,343,418
3190,15,342,413
3191,15,344,484
3192,15,344,426
3193,17,337,565
3194,15,323,587
3195,15,324,586
3196,17,329,680
3197,17,320,580
3198,15,335,585
3199,14,306,1074
3200,15,304,880
3201,9,303,877
3202,9,319,739
3203,9,322,584
3204,9,323,572
3205,15,317,585
3206,9,302,671
3207,10,301,593
3208,14,305,596
3209,10,306,664
3210,12,308,597
3211,11,308,597
3212,12,322,597
3213,12,326,635
3214,14,299,588
3215,12,292,585
3216,13,291,612
3217,21,294,582
3218,13,294,579
3219,13,294,579
3220,13,320,725
3221,13,328,579
3222,16,342,459
3223,15,337,444
3224,14,338,600
3225,15,338,488
3226,18,340,455
3227,20,343,467
3228,15,349,528
3229,16,349,513
3230,15,352,941
3231,11,326,737
3232,14,316,877
3233,19,322,587
3234,19,346,496
3235,14,324,594
3236,15,325,590
3237,11,324,586
3238,12,323,591
3239,13,323,647
3240,11,323,585
3241,11,324,610
3242,11,325,587
3243,11,327,585
3244,17,327,597
3245,11,325,590
3246,14,341,1407
3247,11,329,664
3248,16,320,572
3249,14,324,661
3250,15,307,867
3251,16,322,586
3252,10,322,585
3253,12,321,741
3254,10,324,587
3255,12,323,603
3256,13,321,593
3257,13,326,593
3258,14,346,487
3259,16,345,425
3260,15,346,464
3261,15,346,650
3262,14,332,658
3263,15,326,1010
3264,16,323,976
3265,18,302,828
3266,11,304,883
3267,11,310,936
3268,12,317,916
3269,11,325,892
3270,11,321,916
3271,11,314,897
3272,11,304,926
3273,12,304,756
3274,14,310,837
3275,12,324,592
3276,12,323,598
3277,11,325,586
3278,11,317,735
3279,11,323,569
3280,13,344,1153
3281,13,339,473
3282,15,346,492
3283,12,342,488
3284,11,345,507
3285,12,341,418
3286,11,343,512
3287,14,345,621
3288,11,332,1075
3289,11,314,584
3290,14,302,593
3291,12,302,586
3292,12,303,593
3293,13,302,591
3294,14,327,598
3295,12,326,632
3296,19,322,575
3297,14,316,755
3298,13,314,749
3299,16,322,585
3300,13,363,783
3301,12,358,520
3302,13,345,419
3303,14,343,427
3304,16,343,418
3305,16,345,488
3306,18,331,575
3307,15,322,579
3308,12,321,743
3309,12,326,584
3310,15,324,586
3311,11,325,595
3312,12,324,594
3313,12,325,596
3314,13,348,476
3315,12,324,580
3316,14,324,586
3317,16,324,585
3318,14,324,583
3319,13,325,588
3320,13,327,589
3321,12,327,592
3322,13,324,597
3323,12,328,597
3324,13,326,656
3325,12,326,919
3326,12,335,920
3327,16,318,879
3328,17,325,636
3329,14,320,593
3330,17,328,742
3331,17,324,654
3332,18,321,842
3333,19,304,739
3334,16,321,649
3335,12,296,861
3336,14,305,748
3337,10,304,886
3338,11,325,578
3339,13,324,578
3340,15,323,574
3341,13,319,592
3342,15,318,853
3343,12,324,652
3344,10,326,668
3345,11,315,738
3346,11,313,850
3347,12,323,590
3348,12,325,580
3349,14,323,582
3350,13,321,582
3351,12,321,577
3352,13,319,578
3353,12,323,587
3354,13,322,588
3355,14,323,885
3356,13,314,1048
3357,19,324,592
3358,17,323,582
3359,16,323,583
3360,17,321,578
3361,15,323,634
3362,16,321,578
3363,15,322,578
3364,16,322,575
3365,15,321,580
3366,16,323,581
3367,18,323,579
3368,16,325,579
3369,17,325,662
3370,17,322,573
3371,17,322,567
3372,15,329,593
3373,15,323,590
3374,16,323,580
3375,16,321,576
3376,17,308,585
3377,15,301,585
3378,15,323,1011
3379,10,321,586
3380,12,323,586
3381,12,323,619
3382,11,320,628
3383,11,315,868
3384,22,316,600
3385,12,319,638
3386,12,320,589
3387,14,325,597
3388,12,321,597
3389,12,324,590
3390,12,321,871
3391,22,325,865
3392,12,324,578
3393,12,311,854
3394,12,302,856
3395,13,344,2434
3396,15,330,1022
3397,15,325,593
3398,17,322,726
3399,16,336,1292
3400,16,318,597
3401,16,306,1184
3402,15,343,648
3403,17,343,582
3404,13,319,881
3405,16,320,588
3406,13,321,581
3407,13,319,579
3408,13,320,578
3409,12,319,582
3410,13,320,589
3411,12,320,579
3412,13,320,579
3413,13,319,580
3414,13,320,575
3415,12,323,601
3416,12,321,646
3417,13,322,571
3418,13,322,592
3419,14,321,582
3420,13,304,677
3421,14,302,632
3422,13,324,596
3423,13,326,867
3424,17,318,837
3425,20,326,673
3426,16,324,580
3427,15,321,582
3428,16,320,589
3429,15,323,633
3430,16,323,576
3431,16,324,570
3432,15,324,737
3433,14,320,576
3434,15,340,584
3435,14,347,571
3436,14,346,430
3437,14,355,517
3438,15,331,749
3439,16,303,617
3440,17,298,633
3441,16,319,602
3442,16,321,606
3443,22,316,608
3444,17,324,652
3445,15,315,622
3446,15,323,874
3447,14,332,1037
3448,14,327,632
3449,13,325,669
3450,13,325,590
3451,14,323,737
3452,13,308,596
3453,17,352,908
3454,15,349,533
3455,15,364,1191
3456,15,349,528
3457,16,350,484
3458,17,343,575
3459,20,324,654
3460,16,326,598
3461,17,342,419
3462,18,348,467
3463,15,346,445
3464,16,327,583
3465,15,325,587
3466,17,326,583
3467,15,326,594
3468,16,322,580
3469,14,330,572
3470,13,324,575
3471,14,324,860
3472,13,323,644
3473,15,326,592
3474,12,316,748
3475,11,299,751
3476,11,311,747
3477,10,321,577
3478,14,322,582
3479,12,321,577
3480,13,319,586
3481,14,320,586
3482,14,326,587
3483,15,325,594
3484,14,322,582
3485,12,332,582
3486,14,316,605
3487,14,343,424
3488,15,346,471
3489,15,346,435
3490,16,347,463
3491,15,346,482
3492,15,357,1138
3493,13,352,490
3494,14,335,628
3495,14,330,662
3496,14,328,589
3497,14,326,590
3498,16,328,627
3499,14,325,595
3500,15,342,838
3501,15,336,534
3502,14,334,461
3503,15,316,580
3504,14,322,653
3505,11,324,737
3506,13,331,1036
3507,16,327,577
3508,16,321,576
3509,16,323,578
3510,16,320,577
3511,18,320,580
3512,17,324,601
3513,14,320,588
3514,17,321,648
3515,17,322,594
3516,18,321,661
3517,17,322,666
3518,21,325,836
3519,17,317,739
3520,17,346,480
3521,15,334,568
3522,16,324,582
3523,16,319,750
3524,12,300,750
3525,14,319,753
3526,13,323,641
3527,14,326,580
3528,13,323,575
3529,15,323,585
3530,15,320,587
3531,15,312,748
3532,12,300,749
3533,11,316,750
3534,12,339,596
3535,16,344,419
3536,15,348,509
3537,15,346,544
3538,16,342,424
3539,16,345,475
3540,16,345,479
3541,15,346,425
3542,15,344,471
3543,14,343,418
3544,15,339,552
3545,16,322,573
3546,11,323,588
3547,12,339,590
3548,12,321,747
3549,16,302,742
3550,13,301,746
3551,12,301,744
3552,13,301,746
3553,13,302,878
3554,12,311,1049
3555,13,299,1044
3556,10,310,945
3557,11,317,907
3558,13,331,1244
3559,13,330,613
3560,16,329,668
3561,16,327,580
3562,16,340,572
3563,16,333,581
3564,14,329,674
3565,14,321,684
3566,15,322,590
3567,12,344,586
3568,15,347,478
3569,14,348,515
3570,16,324,578
3571,15,322,578
3572,12,319,579
3573,12,334,1286
3574,13,322,565
3575,13,326,615
3576,11,325,588
3577,12,322,631
3578,13,325,580
3579,13,324,660
3580,16,338,591
3581,17,330,892
3582,16,338,609
3583,18,347,424
3584,12,349,498
3585,12,347,480
3586,13,345,418
3587,12,344,424
3588,12,346,436
3589,11,345,488
3590,14,345,423
3591,12,343,413
3592,12,342,418
3593,12,346,422
3594,13,346,513
3595,12,338,584
3596,13,346,586
3597,13,344,471
3598,16,346,646
3599,14,344,414
3600,14,401,1651
3601,14,359,482
3602,17,346,432
3603,14,347,429
3604,15,361,1293
3605,14,351,431
3606,15,355,427
3607,14,361,511
3608,15,358,521
3609,15,345,460
3610,15,341,438
3611,16,349,494
3612,15,348,480
3613,16,332,579
3614,14,318,602
3615,11,315,839
3616,13,321,736
3617,13,329,850
3618,16,321,592
3619,14,322,678
3620,18,325,884
3621,14,322,667
3622,10,336,575
3623,11,334,578
3624,13,326,590
3625,12,341,617
3626,17,334,640
3627,12,326,640
3628,13,323,589
3629,12,333,868
3630,13,321,588
3631,14,326,578
3632,15,326,659
3633,16,323,587
3634,16,323,580
3635,16,324,581
3636,17,321,587
3637,18,323,584
3638,18,323,583
3639,16,324,581
3640,17,324,585
3641,16,318,731
3642,18,323,576
3643,15,324,870
3644,17,325,882
3645,13,324,599
3646,13,324,597
3647,15,324,586
3648,12,324,588
3649,18,324,588
3650,16,324,584
3651,12,324,600
3652,13,326,599
3653,12,324,602
3654,15,327,597
3655,13,328,592
3656,14,328,598
3657,18,323,596
3658,14,325,638
3659,14,324,591
3660,12,326,678
3661,12,327,594
3662,13,315,868
3663,12,316,638
3664,13,309,642
3665,12,327,646
3666,13,326,643
3667,15,320,594
3668,16,324,594
3669,14,322,583
3670,16,322,592
3671,16,327,593
3672,15,326,591
3673,14,330,878
3674,15,354,590
3675,15,321,588
3676,16,322,588
3677,17,315,865
3678,14,318,653
3679,11,327,877
3680,12,343,541
3681,11,344,593
3682,12,352,1198
3683,16,339,583
3684,11,324,584
3685,16,299,742
3686,12,301,732
3687,13,301,592
3688,13,302,658
3689,12,302,592
3690,20,318,628
3691,13,351,520
3692,17,316,576
3693,17,301,580
3694,14,301,576
3695,14,301,580
3696,17,302,583
3697,12,302,580
3698,13,302,586
3699,13,301,590
3700,12,308,592
3701,20,317,741
3702,16,320,728
3703,12,326,580
3704,12,327,590
3705,14,326,589
3706,13,327,638
3707,12,326,644
3708,12,325,597
3709,13,324,592
3710,13,308,883
3711,13,322,864
3712,14,325,581
3713,16,323,578
3714,15,321,587
3715,17,320,586
3716,17,320,596
3717,14,324,598
3718,15,321,585
3719,16,326,592
3720,16,325,599
3721,21,331,626
3722,17,331,645
3723,16,324,595
3724,21,321,595
3725,17,333,657
3726,17,316,591
3727,15,326,640
3728,13,325,592
3729,15,317,584
3730,15,324,592
3731,13,326,590
3732,12,326,710
3733,12,312,865
3734,14,308,858
3735,13,317,594
3736,12,354,1109
3737,14,353,1422
3738,15,337,589
3739,14,329,1120
3740,12,323,890
3741,16,325,682
3742,20,322,588
3743,17,310,885
3744,16,311,889
3745,11,305,740
3746,18,313,589
3747,14,326,592
3748,13,346,437
3749,16,345,445
3750,15,344,426
3751,16,348,423
3752,16,346,459
3753,16,347,610
3754,15,347,449
3755,15,348,472
3756,16,346,486
3757,15,347,503
3758,16,339,592
3759,15,300,746
3760,17,326,650
3761,10,303,758
3762,12,320,578
3763,10,321,580
3764,14,322,580
3765,14,324,581
3766,14,311,587
3767,15,301,578
3768,11,301,594
3769,12,301,578
3770,12,305,598
3771,11,324,602
3772,11,322,898
3773,13,314,911
3774,12,300,750
3775,12,301,750
3776,16,301,748
3777,10,309,939
3778,10,319,1724
3779,14,318,910
3780,12,313,957
3781,11,304,928
3782,12,300,749
3783,12,301,855
3784,12,303,867
3785,12,302,754
3786,16,313,752
3787,11,330,596
3788,15,327,586
3789,19,325,600
3790,12,324,584
3791,17,323,577
3792,11,322,576
3793,11,321,575
3794,13,324,588
3795,18,309,591
3796,11,302,591
3797,12,303,590
3798,17,302,592
3799,14,305,658
3800,12,302,589
3801,12,305,589
3802,12,324,682
3803,14,322,596
3804,11,326,705
3805,14,324,592
3806,14,327,597
3807,12,312,899
3808,15,316,661
3809,10,312,894
3810,11,313,889
3811,11,316,883
3812,13,325,840
3813,11,323,579
3814,15,327,624
3815,12,324,592
3816,13,323,590
3817,12,326,590
3818,14,332,593
3819,13,322,580
3820,16,336,740
3821,15,333,717
3822,17,344,535
3823,13,345,534
3824,15,344,474
3825,12,344,562
3826,13,324,572
3827,10,324,568
3828,10,324,661
3829,12,322,572
3830,11,326,573
3831,10,326,574
3832,10,330,580
3833,14,329,621
3834,10,325,748
3835,10,330,613
3836,14,325,586
3837,14,323,592
3838,14,325,588
3839,14,326,589
3840,16,327,591
3841,16,325,580
3842,15,326,584
3843,15,324,584
3844,15,324,586
3845,14,324,580
3846,15,323,596
3847,14,324,586
3848,21,322,586
3849,14,322,579
3850,16,326,579
3851,16,325,589
3852,14,324,653
3853,15,323,585
3854,14,329,650
3855,14,333,582
3856,15,347,508
3857,17,327,588
3858,16,314,752
3859,15,299,746
3860,12,305,750
3861,11,322,730
3862,12,325,881
3863,13,320,592
3864,16,325,601
3865,15,317,747
3866,16,308,742
3867,13,321,595
3868,18,325,620
3869,23,326,984
3870,13,321,578
3871,13,326,585
3872,17,325,580
3873,14,323,579
3874,14,323,582
3875,13,325,583
3876,13,324,587
3877,14,322,573
3878,14,325,582
3879,15,323,582
3880,17,322,646
3881,14,315,888
3882,10,313,903
3883,11,328,580
3884,14,326,574
3885,15,329,569
3886,16,326,570
3887,15,329,578
3888,16,327,572
3889,14,325,570
3890,16,325,574
3891,15,325,577
3892,19,326,573
3893,17,308,735
3894,16,303,679
3895,20,304,1045
3896,20,298,639
3897,15,292,714
3898,15,310,893
3899,9,320,871
3900,10,348,957
3901,10,333,671
3902,14,333,586
3903,15,325,584
3904,16,327,674
3905,16,323,583
3906,19,321,583
3907,16,323,584
3908,17,322,578
3909,17,323,582
3910,17,334,570
3911,16,333,576
3912,15,324,597
3913,10,324,593
3914,11,323,741
3915,10,335,591
3916,12,347,590
3917,15,327,597
3918,13,323,586
3919,16,328,584
3920,15,326,591
3921,15,324,636
3922,15,323,594
3923,16,320,626
3924,18,324,592
3925,12,316,738
3926,15,306,893
3927,13,322,585
3928,14,325,673
3929,13,324,587
3930,15,326,593
3931,13,309,877
3932,18,299,740
3933,15,299,753
3934,15,300,887
3935,15,298,743
3936,15,298,759
3937,19,298,740
3938,14,298,750
3939,14,300,739
3940,16,321,587
3941,15,311,738
3942,11,303,870
3943,12,318,887
3944,14,318,1060
3945,14,304,895
3946,15,312,890
3947,13,321,943
3948,14,328,620
3949,15,324,630
3950,13,323,889
3951,13,329,883
3952,15,320,664
3953,16,301,598
3954,17,300,592
3955,15,299,592
3956,15,310,854
3957,15,311,849
3958,16,304,876
3959,13,300,586
3960,16,304,645
3961,14,304,594
3962,16,304,669
3963,14,305,658
3964,17,316,887
3965,17,328,954
3966,17,325,586
3967,14,359,1197
3968,16,345,520
3969,15,345,423
3970,15,344,497
3971,15,346,504
3972,15,345,488
3973,15,340,567
3974,15,326,572
3975,14,324,926
3976,16,322,585
3977,19,325,595
3978,17,324,847
3979,17,308,747
3980,16,307,881
3981,9,313,906
3982,13,310,1031
3983,9,312,879
3984,12,319,879
3985,13,321,591
3986,17,334,597
3987,16,344,419
3988,16,343,421
3989,16,343,420
3990,16,346,426
3991,14,347,496
3992,15,347,429
3993,14,350,503
3994,15,349,500
3995,16,350,694
3996,14,345,498
3997,14,346,480
3998,16,317,877
3999,15,321,581
4000,12,342,587
4001,11,339,583
4002,14,328,596
4003,11,329,636
4004,10,326,769
4005,10,323,899
4006,13,311,714
4007,11,321,855
4008,13,321,574
4009,13,334,872
4010,12,321,578
4011,12,325,581
4012,13,316,906
4013,14,321,599
4014,14,328,674
4015,16,329,865
4016,20,321,589
4017,20,324,618
4018,17,320,650
4019,17,322,653
4020,19,319,583
4021,18,323,592
4022,18,323,590
4023,18,324,596
4024,16,324,588
4025,17,328,931
4026,17,333,654
4027,17,328,581
4028,17,323,578
4029,15,323,583
4030,15,324,587
4031,15,323,587
4032,15,322,584
4033,16,321,590
4034,18,302,581
4035,16,302,595
4036,16,300,589
4037,14,324,593
4038,13,326,592
4039,15,328,596
4040,13,325,590
4041,14,325,591
4042,15,316,895
4043,14,316,977
4044,14,317,894
4045,7,327,875
4046,10,320,603
4047,13,322,564
4048,14,324,582
4049,11,322,586
4050,14,329,589
4051,12,329,578
4052,15,345,489
4053,12,344,431
4054,13,345,468
4055,11,344,421
4056,11,346,450
4057,11,348,479
4058,12,353,978
4059,11,351,459
4060,10,340,742
4061,13,331,839
4062,10,331,660
4063,10,322,835
4064,12,320,714
4065,11,320,593
4066,10,319,898
4067,10,317,585
4068,11,316,608
4069,10,318,623
4070,10,325,872
4071,10,326,1122
4072,13,317,615
4073,10,322,632
4074,10,337,690
4075,16,327,588
4076,21,323,582
4077,19,322,586
4078,17,322,589
4079,14,324,579
4080,14,326,631
4081,14,331,694
4082,17,327,592
4083,14,329,848
4084,18,326,581
4085,14,326,584
4086,14,327,663
4087,14,326,583
4088,16,336,580
4089,13,348,468
4090,16,329,588
4091,15,327,672
4092,16,324,589
4093,14,315,604
4094,14,334,600
4095,14,332,664
4096,16,339,580
4097,21,343,429
4098,17,343,420
4099,16,345,533
4100,16,344,483
4101,10,343,420
4102,16,341,568
4103,15,324,580
4104,15,324,586
4105,15,326,654
4106,16,337,588
4107,18,347,495
4108,15,336,596
4109,17,322,584
4110,15,324,580
4111,14,323,586
4112,12,320,587
4113,11,321,586
4114,14,323,595
4115,15,325,597
4116,14,323,591
4117,12,320,597
4118,13,328,613
4119,13,324,614
4120,12,322,625
4121,13,336,548
4122,15,335,601
4123,14,337,469
4124,15,338,488
4125,15,344,498
4126,15,341,565
4127,14,343,500
4128,16,344,546
4129,15,348,538
4130,15,343,472
4131,20,342,424
4132,16,345,522
4133,15,343,419
4134,16,346,471
4135,15,351,567
4136,15,348,622
4137,14,344,453
4138,15,346,693
4139,17,323,589
4140,12,324,580
4141,11,338,586
4142,13,329,898
4143,13,328,655
4144,17,312,753
4145,17,325,601
4146,16,324,584
4147,18,323,594
4148,13,324,583
4149,17,323,580
4150,13,322,579
4151,14,321,583
4152,17,324,582
4153,14,325,581
4154,13,304,591
4155,14,310,742
4156,11,347,594
4157,12,344,452
4158,15,347,494
4159,20,349,637
4160,21,344,424
4161,15,340,579
4162,21,322,584
4163,15,323,581
4164,16,322,581
4165,15,307,590
4166,15,309,594
4167,13,329,920
4168,12,324,641
4169,13,325,747
4170,16,326,589
4171,18,325,590
4172,16,327,580
4173,16,330,645
4174,16,330,627
4175,15,327,635
4176,15,322,628
4177,15,323,629
4178,16,327,579
4179,16,330,661
4180,17,325,580
4181,14,304,756
4182,16,309,974
4183,13,304,869
4184,17,319,1122
4185,13,302,751
4186,14,325,941
4187,13,324,576
4188,16,342,2010
4189,16,342,842
4190,15,347,474
4191,17,343,570
4192,16,340,1798
4193,17,325,708
4194,20,323,580
4195,17,325,672
4196,17,347,537
4197,14,345,460
4198,14,346,452
4199,15,345,422
4200,15,360,640
4201,16,335,641
4202,17,325,582
4203,15,336,619
4204,15,340,585
4205,15,322,584
4206,18,323,579
4207,15,323,581
4208,14,323,582
4209,16,316,576
4210,17,302,590
4211,16,300,640
4212,13,299,580
4213,17,299,589
4214,15,297,755
4215,16,324,584
4216,16,323,581
4217,15,324,611
4218,16,335,650
4219,13,347,430
4220,15,348,435
4221,14,349,472
4222,15,352,653
4223,14,331,616
4224,15,326,576
4225,15,319,588
4226,16,320,581
4227,16,322,591
4228,14,311,758
4229,14,300,856
4230,14,302,740
4231,14,306,904
4232,14,311,894
4233,18,310,930
4234,16,318,926
4235,15,305,980
4236,15,301,851
4237,15,312,889
4238,15,327,589
4239,11,326,593
4240,11,341,586
4241,11,329,576
4242,15,322,588
4243,13,322,576
4244,13,327,579
4245,12,324,576
4246,16,320,571
4247,12,321,580
4248,12,301,599
4249,14,303,645
4250,13,302,587
4251,13,317,627
4252,16,322,910
4253,13,333,695
4254,13,325,591
4255,13,324,588
4256,18,324,591
4257,13,324,606
4258,14,325,593
4259,12,325,598
4260,13,323,586
4261,12,325,596
4262,17,325,587
4263,13,326,607
4264,14,324,587
4265,14,320,876
4266,18,312,631
4267,18,302,589
4268,15,301,589
4269,15,301,584
4270,16,313,596
4271,15,323,596
4272,14,323,591
4273,13,322,598
4274,14,324,592
4275,13,326,601
4276,13,339,1193
4277,13,328,602
4278,14,327,623
4279,16,325,620
4280,13,309,749
4281,13,313,1742
4282,14,324,757
4283,12,343,591
4284,14,342,576
4285,15,323,902
4286,14,334,612
4287,15,331,690
4288,16,324,596
4289,16,317,580
4290,18,317,582
4291,15,340,478
4292,14,338,485
4293,12,347,504
4294,13,342,561
4295,15,347,606
4296,15,348,433
4297,13,349,601
4298,14,347,509
4299,13,339,589
4300,14,341,579
4301,12,339,577
4302,15,324,586
4303,16,326,589
4304,16,323,582
4305,14,324,584
4306,17,325,658
4307,16,324,672
4308,15,324,578
4309,14,326,583
4310,16,323,577
4311,16,324,581
4312,16,323,586
4313,16,332,597
4314,16,325,741
4315,15,326,625
4316,18,326,714
4317,17,325,599
4318,18,325,601
4319,22,308,757
4320,17,323,575
4321,16,322,575
4322,15,324,584
4323,17,324,579
4324,15,325,579
4325,16,326,581
4326,16,326,579
4327,17,323,581
4328,15,322,581
4329,14,326,586
4330,14,325,593
4331,16,321,596
4332,15,318,584
4333,14,323,890
4334,12,310,583
4335,13,308,740
4336,16,300,745
4337,17,300,751
4338,19,299,755
4339,18,301,750
4340,19,300,749
4341,17,300,1004
4342,19,317,891
4343,17,310,1088
4344,17,308,627
4345,18,329,630
4346,16,325,635
4347,17,326,899
4348,17,328,593
4349,13,312,588
4350,11,316,604
4351,13,322,584
4352,12,322,585
4353,11,328,585
4354,13,324,586
4355,15,324,583
4356,12,322,574
4357,12,320,574
4358,12,322,664
4359,11,323,582
4360,13,315,583
4361,11,314,590
4362,13,313,878
4363,18,325,582
4364,18,325,635
4365,16,330,594
4366,17,330,587
4367,13,323,592
4368,10,322,593
4369,10,321,583
4370,11,324,643
4371,13,322,584
4372,13,325,706
4373,13,325,595
4374,16,324,584
4375,15,340,572
4376,12,347,524
4377,15,347,424
4378,16,345,488
4379,15,346,491
4380,16,343,590
4381,15,322,587
4382,19,320,569
4383,16,324,580
4384,16,323,580
4385,15,323,584
4386,18,322,590
4387,15,325,580
4388,15,320,572
4389,16,321,666
4390,17,324,581
4391,17,324,588
4392,14,322,566
4393,16,323,596
4394,16,300,759
4395,16,324,870
4396,15,355,994
4397,15,370,1149
4398,15,363,972
4399,14,354,652
4400,14,349,470
4401,16,347,484
4402,16,333,576
4403,15,317,582
4404,17,311,593
4405,18,301,639
4406,15,310,882
4407,17,320,864
4408,13,317,899
4409,13,333,1112
4410,14,329,1074
4411,10,327,690
4412,12,323,600
4413,10,324,637
4414,11,324,589
4415,10,322,582
4416,9,323,648
4417,9,322,593
4418,10,322,590
4419,9,324,637
4420,10,322,734
4421,10,319,586
4422,15,307,652
4423,10,321,595
4424,11,322,596
4425,13,308,941
4426,11,301,758
4427,12,313,752
4428,12,329,599
4429,16,339,633
4430,16,347,489
4431,14,346,502
4432,13,344,416
4433,14,344,437
4434,14,345,452
4435,13,345,488
4436,15,347,498
4437,15,339,587
4438,14,323,586
4439,15,320,572
4440,16,322,579
4441,17,340,582
4442,15,349,478
4443,14,343,858
4444,16,322,576
4445,17,327,580
4446,17,324,581
4447,15,322,580
4448,16,320,565
4449,15,323,587
4450,16,322,578
4451,15,319,566
4452,17,322,576
4453,16,326,646
4454,17,329,598
4455,15,344,597
4456,16,358,911
4457,16,342,666
4458,14,352,514
4459,15,340,472
4460,15,334,475
4461,15,335,470
4462,15,326,548
4463,15,311,737
4464,11,297,861
4465,11,296,1028
4466,13,312,845
4467,12,332,1012
4468,12,319,591
4469,12,322,599
4470,12,311,866
4471,13,309,868
4472,15,321,712
4473,17,326,634
4474,15,322,858
4475,13,323,716
4476,15,328,661
4477,11,321,741
4478,16,313,659
4479,16,312,654
4480,14,302,592
4481,17,302,869
4482,16,324,576
4483,9,321,727
4484,11,320,846
4485,11,312,758
4486,13,327,592
4487,16,329,588
4488,16,334,877
4489,16,324,580
4490,13,330,644
4491,16,334,600
4492,13,325,596
4493,12,327,596
4494,16,324,590
4495,12,325,640
4496,14,324,590
4497,13,325,595
4498,14,330,996
4499,13,323,591
4500,13,355,710
4501,15,335,656
4502,16,327,609
4503,12,325,596
4504,14,334,596
4505,15,334,597
4506,16,327,656
4507,16,324,598
4508,16,328,923
4509,16,324,586
4510,16,323,594
4511,15,324,644
4512,16,324,595
4513,16,325,659
4514,22,332,606
4515,18,346,468
4516,16,347,518
4517,15,348,547
4518,19,344,431
4519,16,348,454
4520,19,329,583
4521,15,328,606
4522,16,327,632
4523,14,326,632
4524,14,324,599
4525,14,319,1196
4526,17,325,650
4527,11,323,667
4528,10,324,709
4529,10,329,653
4530,10,323,697
4531,10,323,741
4532,15,324,656
4533,11,319,580
4534,12,323,652
4535,12,323,585
4536,13,325,670
4537,13,321,583
4538,16,333,605
4539,15,339,587
4540,16,328,645
4541,15,344,587
4542,18,345,486
4543,16,322,583
4544,16,322,585
4545,18,324,675
4546,14,322,585
4547,14,329,588
4548,14,344,415
4549,13,344,415
4550,14,346,492
4551,14,346,428
4552,14,348,469
4553,14,346,456
4554,17,347,465
4555,13,347,420
4556,13,349,428
4557,16,349,427
4558,14,347,435
4559,15,348,465
4560,13,349,480
4561,14,346,457
4562,16,346,430
4563,14,349,436
4564,15,350,466
4565,14,351,475
4566,14,346,432
4567,15,353,901
4568,13,348,489
4569,13,348,491
4570,15,361,996
4571,13,354,501
4572,14,331,703
4573,13,334,586
4574,13,338,600
4575,15,325,580
4576,12,319,580
4577,11,319,584
4578,16,323,841
4579,11,323,586
4580,12,329,1008
4581,11,308,962
4582,12,325,653
4583,12,306,865
4584,12,311,593
4585,13,322,580
4586,16,305,652
4587,15,337,591
4588,17,345,436
4589,14,355,937
4590,13,345,495
4591,14,344,431
4592,14,326,581
4593,15,325,622
4594,15,325,645
4595,14,320,591
4596,13,300,906
4597,14,316,891
4598,11,325,915
4599,9,348,569
4600,12,332,610
4601,14,334,746
4602,18,347,468
4603,14,346,429
4604,16,344,422
4605,14,344,420
4606,13,345,475
4607,14,345,418
4608,13,344,419
4609,14,345,419
4610,15,344,419
4611,15,345,540
4612,15,345,500
4613,13,334,564
4614,14,320,574
4615,14,342,560
4616,14,347,430
4617,15,346,414
4618,17,348,502
4619,14,346,425
4620,15,345,600
4621,16,321,588
4622,18,325,595
4623,17,326,645
4624,17,325,597
4625,12,324,601
4626,17,327,605
4627,17,309,888
4628,17,314,908
4629,17,307,930
4630,17,303,876
4631,17,301,739
4632,19,304,974
4633,18,299,744
4634,19,317,746
4635,14,328,600
4636,14,324,574
4637,15,329,580
4638,16,324,573
4639,14,327,600
4640,16,321,575
4641,14,322,657
4642,15,320,585
4643,16,320,580
4644,15,317,580
4645,17,313,882
4646,15,304,595
4647,13,307,593
4648,12,322,625
4649,15,347,515
4650,16,325,587
4651,11,303,596
4652,13,310,745
4653,12,318,707
4654,19,312,747
4655,12,305,756
4656,13,325,590
4657,14,326,595
4658,14,319,742
4659,13,299,745
4660,15,311,745
4661,15,322,680
4662,15,322,580
4663,17,322,583
4664,15,328,874
4665,14,323,590
4666,17,323,587
4667,18,324,613
4668,14,319,755
4669,15,323,580
4670,16,328,586
4671,15,324,586
4672,15,324,584
4673,15,323,588
4674,17,326,587
4675,17,301,692
4676,17,301,601
4677,17,307,885
4678,17,306,894
4679,17,326,941
4680,19,320,1716
4681,18,315,893
4682,19,338,1367
4683,19,327,585
4684,19,333,627
4685,15,330,582
4686,14,326,585
4687,14,322,588
4688,15,320,631
4689,13,315,636
4690,9,327,1137
4691,14,323,577
4692,13,331,944
4693,14,325,584
4694,14,322,576
4695,14,321,871
4696,11,320,751
4697,14,324,575
4698,18,332,1079
4699,15,324,571
4700,17,326,575
4701,16,327,580
4702,15,326,569
4703,15,327,576
4704,15,323,573
4705,15,321,586
4706,14,322,585
4707,14,322,585
4708,14,323,666
4709,13,322,582
4710,16,322,583
4711,15,321,582
4712,15,337,578
4713,13,345,486
4714,16,346,417
4715,16,334,740
4716,14,334,592
4717,14,324,595
4718,13,310,752
4719,12,300,756
4720,13,302,1064
4721,13,319,896
4722,21,324,589
4723,18,322,585
4724,17,325,596
4725,18,321,586
4726,18,320,582
4727,17,320,588
4728,15,320,590
4729,16,340,578
4730,17,319,866
4731,15,323,653
4732,16,327,723
4733,16,305,728
4734,17,322,576
4735,16,322,575
4736,15,325,664
4737,16,328,587
4738,17,324,583
4739,16,331,627
4740,16,325,619
4741,16,322,580
4742,18,317,629
4743,15,317,599
4744,17,338,457
4745,13,337,487
4746,14,338,478
4747,15,340,448
4748,14,344,531
4749,14,347,535
4750,10,345,540
4751,14,349,840
4752,13,348,1028
4753,14,338,471
4754,14,317,883
4755,14,322,880
4756,10,324,656
4757,15,325,590
4758,14,331,1080
4759,15,326,600
4760,14,322,673
4761,16,316,580
4762,15,319,745
4763,11,325,590
4764,14,341,597
4765,15,327,592
4766,16,338,585
4767,16,345,517
4768,16,343,416
4769,16,344,419
4770,16,345,511
4771,14,345,493
4772,15,344,551
4773,15,343,415
4774,14,337,572
4775,16,322,590
4776,14,322,601
4777,17,325,582
4778,16,331,605
4779,15,322,579
4780,14,328,583
4781,14,330,583
4782,13,300,591
4783,13,300,591
4784,12,302,588
4785,13,301,665
4786,13,300,588
4787,12,299,584
4788,12,319,585
4789,12,323,647
4790,16,321,584
4791,15,323,578
4792,15,310,1052
4793,16,326,598
4794,14,335,1316
4795,13,331,604
4796,13,333,696
4797,12,332,608
4798,16,328,643
4799,15,320,611
4800,15,353,800
4801,16,323,621
4802,16,324,593
4803,13,347,520
4804,15,349,512
4805,13,346,432
4806,16,344,623
4807,14,345,582
4808,14,344,614
4809,15,343,433
4810,13,346,474
4811,14,338,592
4812,14,311,826
4813,15,304,654
4814,17,315,735
4815,15,321,589
4816,16,303,593
4817,16,302,593
4818,18,303,668
4819,17,305,597
4820,16,302,589
4821,17,301,592
4822,17,301,591
4823,17,310,605
4824,16,323,600
4825,18,330,599
4826,18,319,643
4827,15,301,594
4828,10,302,632
4829,11,323,652
4830,11,323,579
